StartDate,EndDate,Status,IPAddress,Progress,Duration (in seconds),Finished,RecordedDate,ResponseId,RecipientLastName,RecipientFirstName,RecipientEmail,ExternalReference,LocationLatitude,LocationLongitude,DistributionChannel,UserLanguage,Q_RecaptchaScore,Donation Control,Tokens ,Donation Transparent_1,Tokens,Donation Opaque_1,Autonomy 1_NPS_GROUP,Autonomy 1,Autonomy 2_NPS_GROUP,Autonomy 2,Autonomy 3_NPS_GROUP,Autonomy 3,Attention Check 1_NPS_GROUP,Attention Check 1,Autonomy 4_NPS_GROUP,Autonomy 4,Freedom 1_NPS_GROUP,Freedom 1,Freedom 2_NPS_GROUP,Freedom 2,Freedom 3_NPS_GROUP,Freedom 3,Freedom 4_NPS_GROUP,Freedom 4,Agreement,Gender,Age,Race/ethnicity,ID,Comments
Start Date,End Date,Response Type,IP Address,Progress,Duration (in seconds),Finished,Recorded Date,Response ID,Recipient Last Name,Recipient First Name,Recipient Email,External Data Reference,Location Latitude,Location Longitude,Distribution Channel,User Language,Q_RecaptchaScore,"You now have the option to donate any number of your tokens to a charity preselected by our researchers. Once you have settled on a decision, press the arrow button to submit your response and procede.","You have been awarded 10 game tokens!

	These tokens are lottery tickets for $20 Amazon gift cards. 
	The more tokens you keep, the greater the chance you have of winning a $20 Amazon gift card.",Use the slider below to indicate how many tokens you would like to donate. - Donation to the Salvation Army,"You have been awarded 10 game tokens!

	These tokens are lottery tickets for $20 Amazon gift cards. 
	The more tokens you keep, the greater the chance you have of winning a $20 Amazon gift card.",Use the slider below to indicate how many tokens you would like to donate. - Donation to the Salvation Army,To what extent did you feel in control of your donation decision? - Group,To what extent did you feel in control of your donation decision?,To what extent do you feel that your donation decision was thought through? - Group,To what extent do you feel that your donation decision was thought through?,To what extent do you feel that your donation decision reflected your preferences? - Group,To what extent do you feel that your donation decision reflected your preferences?,"For this question, please select the largest odd number listed below. - Group","For this question, please select the largest odd number listed below.",To what extent do you feel that the your donation decision was free from external influence? - Group,To what extent do you feel that the your donation decision was free from external influence?,"""... threatened my freedom to choose what I wanted."" - Group","""... threatened my freedom to choose what I wanted.""","""... made me feel like my decision was made for me."" - Group","""... made me feel like my decision was made for me.""","""... tried to manipulate me."" - Group","""... tried to manipulate me.""","""... tried to pressure me."" - Group","""... tried to pressure me.""",Are you in favor of the work done by the Salvation Army?,What is your gender?,What is your age?,What is your race/ethnicity?,What is your MTurk ID?,"If you have any comments that you would like to leave, you may do so below."
"{""ImportId"":""startDate"",""timeZone"":""America/Denver""}","{""ImportId"":""endDate"",""timeZone"":""America/Denver""}","{""ImportId"":""status""}","{""ImportId"":""ipAddress""}","{""ImportId"":""progress""}","{""ImportId"":""duration""}","{""ImportId"":""finished""}","{""ImportId"":""recordedDate"",""timeZone"":""America/Denver""}","{""ImportId"":""_recordId""}","{""ImportId"":""recipientLastName""}","{""ImportId"":""recipientFirstName""}","{""ImportId"":""recipientEmail""}","{""ImportId"":""externalDataReference""}","{""ImportId"":""locationLatitude""}","{""ImportId"":""locationLongitude""}","{""ImportId"":""distributionChannel""}","{""ImportId"":""userLanguage""}","{""ImportId"":""Q_RecaptchaScore""}","{""ImportId"":""QID6""}","{""ImportId"":""QID7""}","{""ImportId"":""QID9_1""}","{""ImportId"":""QID10""}","{""ImportId"":""QID11_1""}","{""ImportId"":""QID18_NPS_GROUP""}","{""ImportId"":""QID18""}","{""ImportId"":""QID19_NPS_GROUP""}","{""ImportId"":""QID19""}","{""ImportId"":""QID21_NPS_GROUP""}","{""ImportId"":""QID21""}","{""ImportId"":""QID36_NPS_GROUP""}","{""ImportId"":""QID36""}","{""ImportId"":""QID22_NPS_GROUP""}","{""ImportId"":""QID22""}","{""ImportId"":""QID25_NPS_GROUP""}","{""ImportId"":""QID25""}","{""ImportId"":""QID28_NPS_GROUP""}","{""ImportId"":""QID28""}","{""ImportId"":""QID27_NPS_GROUP""}","{""ImportId"":""QID27""}","{""ImportId"":""QID26_NPS_GROUP""}","{""ImportId"":""QID26""}","{""ImportId"":""QID33""}","{""ImportId"":""QID30""}","{""ImportId"":""QID31""}","{""ImportId"":""QID32""}","{""ImportId"":""QID42_TEXT""}","{""ImportId"":""QID35_TEXT""}"
2022-04-13 08:23:11,2022-04-13 08:24:13,0,172.9.19.116,100,61,1,2022-04-13 08:24:13,R_3G3Y5XybYvKP0MU,,,,,34.0782,-84.6485,anonymous,EN,1,1,,,,,3,10,3,9,2,8,3,9,1,6,1,4,1,3,1,4,1,3,,1,10,2,APG6CXGVDL0G5,
2022-04-13 08:23:48,2022-04-13 08:24:36,0,100.34.214.126,100,48,1,2022-04-13 08:24:36,R_9pOscUEOMU7ziVj,,,,,40.0443,-75.6472,anonymous,EN,1,1,,,,,3,10,3,10,3,10,3,9,3,10,1,0,1,1,1,3,2,7,,1,10,3,A1PTH9KTRO06EG,
2022-04-13 08:23:10,2022-04-13 08:24:50,0,73.49.187.32,100,99,1,2022-04-13 08:24:50,R_9SUgow3fLhQ3QXv,,,,,26.1374,-80.1684,anonymous,EN,1,,4,7,,,3,9,3,10,2,8,3,9,2,7,1,1,1,2,1,4,1,3,0,1,15,2,A2Z2OV7QGU10QN,Very good study.
2022-04-13 08:23:26,2022-04-13 08:24:53,0,71.214.86.58,100,86,1,2022-04-13 08:24:53,R_2OIvQ3rPxtWCvh9,,,,,28.5274,-81.6012,anonymous,EN,0.8999999761581421,3,,,,,3,10,2,7,2,7,3,9,2,8,1,0,1,0,1,4,1,4,,2,11,2,A3JDWMS5QJHREI,
2022-04-13 08:23:25,2022-04-13 08:24:55,0,73.210.148.93,100,90,1,2022-04-13 08:24:56,R_10oodJj29R0SRRd,,,,,42.2739,-89.0474,anonymous,EN,1,,,,4,1,1,6,2,8,2,8,3,9,1,6,1,1,1,4,1,1,1,1,0,1,20,2,A3VXI8ULCTDL64,
2022-04-13 08:23:36,2022-04-13 08:24:59,0,99.14.249.117,100,82,1,2022-04-13 08:24:59,R_3lWZK8T6CXzHxV2,,,,,35.3135,-81.5599,anonymous,EN,1,,4,2,,,1,6,2,7,1,5,3,9,1,2,1,3,1,6,3,9,3,9,0,1,26,2,A1GKEEI844CEKI,
2022-04-13 08:23:29,2022-04-13 08:25:14,0,107.77.235.23,100,104,1,2022-04-13 08:25:15,R_1Qfr9TrhNrn5we2,,,,,37.751,-97.822,anonymous,EN,0.8999999761581421,,,,4,0,3,10,3,10,3,10,3,9,3,10,1,0,1,0,1,0,1,0,2,1,17,2,A1CUI91SURS24A,
2022-04-13 08:23:43,2022-04-13 08:25:14,0,76.86.236.35,100,90,1,2022-04-13 08:25:15,R_Q4hjOaCvNkrISS5,,,,,34.1211,-117.4362,anonymous,EN,0.8999999761581421,1,,,,,2,8,2,7,3,9,3,9,1,2,1,0,1,5,1,1,1,1,,1,16,2,A2541C8MY0BYV3,
2022-04-13 08:23:36,2022-04-13 08:25:16,0,71.230.6.27,100,100,1,2022-04-13 08:25:16,R_3fZ7cbyTNlrXnxQ,,,,,40.0172,-75.0883,anonymous,EN,1,,,,4,1,2,8,1,2,2,7,3,9,1,3,1,1,1,3,1,1,1,2,0,1,21,2,AG36U7IOG2LAP,
2022-04-13 08:23:28,2022-04-13 08:25:16,0,74.74.203.104,100,107,1,2022-04-13 08:25:16,R_2rZAkToZ2vyXAAE,,,,,42.6234,-73.1154,anonymous,EN,0.8999999761581421,,4,0,,,3,9,3,10,3,10,3,9,2,7,1,4,1,1,2,7,2,7,2,2,37,2,A3I55L67X0MWC4,
2022-04-13 08:23:35,2022-04-13 08:25:18,0,207.228.43.211,100,103,1,2022-04-13 08:25:18,R_3k81bCcigQJW0Vv,,,,,40.598,-73.9467,anonymous,EN,0.8999999761581421,15,,,,,3,10,3,9,3,10,3,10,3,9,3,9,3,10,3,10,3,9,,1,20,2,A1GYWF8602B0RO,good
2022-04-13 08:23:19,2022-04-13 08:25:22,0,24.96.75.62,100,122,1,2022-04-13 08:25:23,R_31RxUtZHewetMfI,,,,,34.7095,-86.7361,anonymous,EN,0.8999999761581421,,,,4,0,3,10,3,10,3,10,3,9,3,10,1,0,1,0,1,0,1,0,2,2,18,2,A38I0E8UK53ME5,
2022-04-13 08:23:13,2022-04-13 08:25:26,0,216.172.124.132,100,133,1,2022-04-13 08:25:26,R_2EzTE9SuZJf4ime,,,,,48.1172,-96.1769,anonymous,EN,0.8999999761581421,,4,5,,,3,10,2,8,3,10,3,9,1,3,1,2,1,3,2,7,1,6,0,1,27,2,ALDQRWYZ8KQ9A,None.
2022-04-13 08:23:27,2022-04-13 08:25:28,0,104.171.171.192,100,120,1,2022-04-13 08:25:28,R_1eFZJNkEDs3gw3y,,,,,39.0469,-77.4903,anonymous,EN,1,,4,2,,,1,5,1,5,1,5,1,5,1,5,1,5,1,5,1,5,1,5,1,,,,,
2022-04-13 08:23:15,2022-04-13 08:25:31,0,98.177.125.62,100,136,1,2022-04-13 08:25:32,R_10I4PJ2qFDhGpbm,,,,,33.6069,-112.2822,anonymous,EN,0.4000000059604645,,4,0,,,3,10,3,10,3,10,3,9,1,5,1,5,1,5,3,10,2,8,2,1,41,2,A2YR29YNFLZSUG,
2022-04-13 08:23:40,2022-04-13 08:25:37,0,68.39.238.227,100,116,1,2022-04-13 08:25:37,R_3fUlBJ1ZAURppYu,,,,,41.151,-85.125,anonymous,EN,0.800000011920929,,,,4,0,3,10,2,7,3,10,3,9,2,7,1,0,1,0,1,5,1,3,0,2,23,2,A12TZ1W76AGOF9,
2022-04-13 08:24:07,2022-04-13 08:25:38,0,184.90.48.135,100,91,1,2022-04-13 08:25:39,R_UMicjxMCRzzLSgN,,,,,29.2866,-81.0869,anonymous,EN,0.8999999761581421,1,,,,,3,10,3,10,3,10,3,9,3,10,1,0,1,0,1,0,1,0,,1,13,2,A2ZDEERVRN5AMC,
2022-04-13 08:23:24,2022-04-13 08:25:44,0,130.44.246.158,100,140,1,2022-04-13 08:25:45,R_3erSR2w9Hwl6oXp,,,,,43.2678,-82.8243,anonymous,EN,0.800000011920929,1,,,,,3,10,1,5,3,10,3,9,3,10,1,0,1,0,1,5,1,5,,1,25,2,A3KPNQGV1DGJD5,"As an mturker who does a lot of academic and marketing study HITs, I get asked ""donate pretend raffle rewards"" questions constantly, my answer is reflexive at this point. I handle my own charitable donation, I will not be pressured."
2022-04-13 08:23:33,2022-04-13 08:25:47,0,173.20.172.54,100,134,1,2022-04-13 08:25:47,R_2zIn11Vmyhbv71k,,,,,41.76,-93.8273,anonymous,EN,1,,,,4,0,3,10,3,10,3,10,3,9,3,10,1,0,1,0,1,0,1,0,2,2,19,2,AN5WGHGM4BTJ2,Thank you for the opportunity!
2022-04-13 08:23:09,2022-04-13 08:25:52,0,68.102.182.181,100,162,1,2022-04-13 08:25:52,R_1hMxE2Udg73nUa1,,,,,38.3746,-97.673,anonymous,EN,1,,,,4,10,3,10,3,9,3,9,3,9,3,10,1,0,1,0,1,0,1,0,0,2,22,2,AS2MFSWNC5CQI,
2022-04-13 08:23:43,2022-04-13 08:25:57,0,134.228.89.251,100,134,1,2022-04-13 08:25:57,R_2PiJbCxvnYPhjab,,,,,41.4425,-82.7011,anonymous,EN,1,3,,,,,1,6,1,5,1,6,3,9,1,3,1,0,1,6,1,4,1,4,,1,8,3,APV9CAJZZ570R,
2022-04-13 08:23:17,2022-04-13 08:25:57,0,217.138.217.58,100,160,1,2022-04-13 08:25:58,R_2e24TP5ZtyGfiz3,,,,,34.0485,-118.2529,anonymous,EN,0.8999999761581421,11,,,,,3,10,1,6,3,9,3,9,3,10,1,0,1,0,1,0,1,0,,1,24,2,A3QJJR5Y3XE92N,
2022-04-13 08:23:41,2022-04-13 08:26:04,0,174.84.35.123,100,142,1,2022-04-13 08:26:04,R_3DdxqvCa3Y6le37,,,,,43.6381,-84.2029,anonymous,EN,0.8999999761581421,,,,4,0,3,10,3,10,3,10,3,9,3,10,1,0,1,0,1,0,1,0,2,1,25,2,A2KW87ZD2ELYNG,
2022-04-13 08:23:48,2022-04-13 08:26:13,0,68.204.208.53,100,144,1,2022-04-13 08:26:13,R_2U5XfI0iYkWtBtf,,,,,28.5981,-81.3515,anonymous,EN,0.8999999761581421,,4,0,,,2,8,3,10,3,10,3,9,1,1,1,4,1,4,1,4,1,6,1,2,43,2,A1DUPOUC9RNU4L,
2022-04-13 08:24:45,2022-04-13 08:26:15,0,147.124.213.136,100,90,1,2022-04-13 08:26:16,R_2TZRNjUiQp7QpFV,,,,,32.7767,-96.805,anonymous,EN,0.8999999761581421,7,,,,,2,8,3,10,1,5,3,9,2,7,3,10,2,7,1,5,3,9,,1,21,2,A2P08N2M57XEOE,
2022-04-13 08:23:51,2022-04-13 08:26:16,0,173.23.247.217,100,144,1,2022-04-13 08:26:16,R_33vj7SzjYiRmUYc,,,,,37.1661,-93.2458,anonymous,EN,1,,,,4,0,3,10,3,10,3,10,3,9,3,10,1,0,1,0,1,0,1,0,2,1,24,2,A1C8FN01981A69,
2022-04-13 08:23:39,2022-04-13 08:26:21,0,72.68.48.130,100,161,1,2022-04-13 08:26:21,R_1KoKx5PkoVO50co,,,,,40.9241,-74.514,anonymous,EN,0.800000011920929,1,,,,,3,10,3,10,3,10,3,9,3,9,1,0,1,0,1,2,1,2,,1,44,2,A134Z0KUOMR8CW,
2022-04-13 08:23:45,2022-04-13 08:26:24,0,73.165.253.151,100,159,1,2022-04-13 08:26:25,R_3MzfwnL8nVF1Eds,,,,,39.9486,-75.2339,anonymous,EN,0.8999999761581421,,,,4,0,3,10,3,10,3,10,3,9,1,0,1,0,1,0,1,5,1,5,2,2,12,2,A305HZSV55ZUIN,
2022-04-13 08:23:36,2022-04-13 08:26:26,0,69.23.250.161,100,170,1,2022-04-13 08:26:26,R_3hFPYxK65GZIiUR,,,,,31.3432,-85.844,anonymous,EN,0.8999999761581421,4,,,,,2,8,3,9,3,9,3,9,1,5,2,8,3,9,1,6,2,7,,1,6,2,A1RNEK60PKLM9A,
2022-04-13 08:24:20,2022-04-13 08:26:30,0,208.218.227.50,100,129,1,2022-04-13 08:26:30,R_2YocdiEVl6a0Emz,,,,,40.8023,-73.7329,anonymous,EN,0.8999999761581421,,4,8,,,3,10,1,5,3,10,3,9,3,10,3,10,3,10,3,10,3,10,0,2,21,3,AIYLUH2S8U55T,GOOD
2022-04-13 08:23:48,2022-04-13 08:26:32,0,81.161.4.125,100,164,1,2022-04-13 08:26:33,R_PY5C2wOSZ94Ljq1,,,,,40.7662,-74.0178,anonymous,EN,0.8999999761581421,,4,8,,,3,10,2,8,2,8,3,9,2,8,3,10,2,7,2,7,3,9,0,2,12,2,A386TWUFIY6EJS,good
2022-04-13 08:24:15,2022-04-13 08:26:33,0,202.182.65.133,100,137,1,2022-04-13 08:26:33,R_AHXoUzfqq8Dubq9,,,,,40.7683,-73.9802,anonymous,EN,0.800000011920929,,,,4,8,2,7,3,9,3,9,3,9,3,10,1,0,1,5,1,0,1,0,2,1,9,2,A1PBFNIP9W5Y3,No comments
2022-04-13 08:24:44,2022-04-13 08:26:33,0,147.124.214.94,100,108,1,2022-04-13 08:26:33,R_3PdZqbLdVzH5D1v,,,,,32.7767,-96.805,anonymous,EN,0.4000000059604645,,4,7,,,3,9,2,7,2,8,2,7,3,9,2,8,3,9,2,8,2,7,0,1,29,2,A36CMQ8MXQ4G0V,
2022-04-13 08:23:30,2022-04-13 08:26:36,0,65.185.44.182,100,186,1,2022-04-13 08:26:37,R_21z9EAFV8QDDcGj,,,,,39.9046,-82.9703,anonymous,EN,0.800000011920929,,4,10,,,3,10,2,7,1,5,3,9,1,1,2,8,1,1,2,7,2,7,2,1,27,2,A3CTXWISODY7D8,"I just assume I won't win the lottery, because I never do. In over 3 years of being on mTurk, I've NEVER won a single lottery-style bonus."
2022-04-13 08:23:22,2022-04-13 08:26:43,0,50.231.89.232,100,200,1,2022-04-13 08:26:44,R_RKXuVSZWgWiMfbX,,,,,38.9512,-76.4944,anonymous,EN,1,,4,7,,,3,9,3,10,2,7,3,9,2,8,2,7,3,9,1,6,1,2,1,1,5,2,A2SIBJVWVOW5C6,no
2022-04-13 08:23:47,2022-04-13 08:26:48,0,99.25.96.104,100,180,1,2022-04-13 08:26:48,R_3r05z4XSjtZgfoy,,,,,41.3847,-81.7982,anonymous,EN,0.8999999761581421,,,,4,5,3,10,3,10,3,10,3,9,2,8,1,0,1,1,1,0,1,0,0,1,32,,ANBWJZYU2A68T,
2022-04-13 08:25:01,2022-04-13 08:26:49,0,24.192.184.149,100,107,1,2022-04-13 08:26:49,R_31iyAjIBfoEP6IO,,,,,42.6206,-82.9608,anonymous,EN,0.8999999761581421,,,,4,0,3,10,3,10,3,10,3,9,3,10,1,0,1,0,1,0,1,0,0,1,21,2,AH00EJ6PK1H3A,
2022-04-13 08:23:52,2022-04-13 08:26:56,0,71.60.129.141,100,183,1,2022-04-13 08:26:57,R_2U3pkBqTGSo3D2F,,,,,40.809,-79.5189,anonymous,EN,0.8999999761581421,7,,,,,3,10,3,9,3,9,3,9,3,9,3,9,3,10,3,9,2,7,,1,11,2,ASR3F7Q7RNU1I,good
2022-04-13 08:23:53,2022-04-13 08:26:57,0,45.37.34.199,100,184,1,2022-04-13 08:26:57,R_SZUyYgJhxEkAS7n,,,,,35.7802,-78.4861,anonymous,EN,1,,4,0,,,3,10,3,10,3,10,3,9,3,10,1,0,1,0,3,10,2,7,0,2,15,2,A2KED6T6BO622W,
2022-04-13 08:25:16,2022-04-13 08:27:01,0,98.30.159.158,100,104,1,2022-04-13 08:27:01,R_3oBKoDa6hxfH39V,,,,,41.1445,-84.5764,anonymous,EN,1,,,,4,0,3,10,3,10,3,9,3,9,2,8,1,0,1,0,1,1,1,0,0,1,26,2,A24GX1OZE6AY04,Thanks!
2022-04-13 08:24:11,2022-04-13 08:27:03,0,208.218.225.196,100,171,1,2022-04-13 08:27:03,R_1erdeXnzvbTPvRg,,,,,40.8023,-73.7329,anonymous,EN,0.8999999761581421,,,,4,7,1,6,2,7,2,8,3,9,2,7,1,6,2,7,2,8,2,7,0,2,18,2,ABWSPDMW3MYPA,Good survey
2022-04-13 08:23:51,2022-04-13 08:27:08,0,70.126.162.136,100,197,1,2022-04-13 08:27:09,R_etAX5wn7VsMFKs9,,,,,27.543,-82.5602,anonymous,EN,0.8999999761581421,,4,0,,,3,9,2,7,3,10,3,9,1,3,1,1,1,2,2,8,3,10,2,1,36,2,A2VLREMQN7N1N6,Interesting survey. No issues.
2022-04-13 08:25:08,2022-04-13 08:27:13,0,67.182.137.40,100,124,1,2022-04-13 08:27:13,R_sU8bH4KTR6RmtTr,,,,,47.6631,-122.3029,anonymous,EN,0.8999999761581421,3,,,,,3,10,3,10,3,10,3,9,3,10,1,0,1,0,1,0,1,0,,1,51,2,A2X9VV3B0FZKHY,none
2022-04-13 08:23:37,2022-04-13 08:27:29,0,47.39.40.202,100,231,1,2022-04-13 08:27:29,R_2rVnGLUaFRGuGy7,,,,,43.227,-123.5158,anonymous,EN,0.8999999761581421,6,,,,,3,10,3,9,2,8,3,9,3,9,3,9,2,8,1,2,1,1,,1,7,3,A2USNCULA6D8NH,Nil
2022-04-13 08:23:36,2022-04-13 08:27:29,0,208.218.224.105,100,232,1,2022-04-13 08:27:30,R_yEJoLVmw4EQu2FX,,,,,40.8023,-73.7329,anonymous,EN,0.8999999761581421,,,,4,7,2,7,2,8,2,7,3,9,2,8,2,8,2,8,3,9,2,8,0,2,23,2,A1LV8OROE80UM5,good
2022-04-13 08:23:34,2022-04-13 08:27:45,0,208.218.224.38,100,250,1,2022-04-13 08:27:45,R_3JwNKVydaHVb0sf,,,,,40.8023,-73.7329,anonymous,EN,1,,4,7,,,3,10,3,10,3,10,3,9,3,10,1,0,3,10,3,9,1,1,0,2,25,2,A1DYN6YGGW862S,none
2022-04-13 08:23:31,2022-04-13 08:27:52,0,45.63.104.176,100,260,1,2022-04-13 08:27:52,R_eVh9uY4MxflJYpX,,,,,25.8119,-80.2318,anonymous,EN,0.800000011920929,,,,4,6,2,8,3,9,1,6,1,6,2,8,2,7,1,6,3,9,2,8,0,2,19,2,A2YQSDTAUBIAHC,
2022-04-13 08:26:20,2022-04-13 08:27:56,0,68.4.166.206,100,96,1,2022-04-13 08:27:57,R_31oBt9CvEqlYvom,,,,,33.4339,-117.6221,anonymous,EN,0.8999999761581421,,,,4,0,3,10,3,10,3,10,3,9,3,10,1,0,1,0,1,0,1,0,2,1,15,1,ALYR5CI2SM2JC,
2022-04-13 08:26:44,2022-04-13 08:28:06,0,209.212.61.77,100,81,1,2022-04-13 08:28:06,R_1dt9xx3uQ4kGiGC,,,,,39.5102,-104.7216,anonymous,EN,0.8999999761581421,1,,,,,3,10,3,10,3,10,3,9,3,10,1,0,1,1,3,9,3,9,,1,25,2,A6Y7SZU9L301W,
2022-04-13 08:23:22,2022-04-13 08:28:06,0,24.255.64.171,100,283,1,2022-04-13 08:28:06,R_1GWIcPdq7GMF4Td,,,,,37.2348,-79.9464,anonymous,EN,1,16,,,,,3,10,3,10,3,10,3,9,1,4,1,0,1,0,1,0,1,0,,2,24,2,A2FO6J0H70OW05,
2022-04-13 08:26:15,2022-04-13 08:28:07,0,12.127.255.198,100,112,1,2022-04-13 08:28:07,R_30bLdqEMk7IgVqU,,,,,36.0557,-94.1567,anonymous,EN,1,,4,1,,,3,10,3,10,2,7,3,9,3,9,1,1,1,1,1,3,1,2,0,2,9,3,A2CEGS0NVDBCPT,
2022-04-13 08:23:36,2022-04-13 08:28:13,0,172.91.239.38,100,276,1,2022-04-13 08:28:13,R_z36Y65OkomsuHYZ,,,,,34.413,-118.4269,anonymous,EN,0.8999999761581421,,4,5,,,2,8,2,8,2,8,3,9,3,9,2,8,2,7,2,8,3,9,0,1,36,2,A2PONXOS2F3M4F,GOOD
2022-04-13 08:23:46,2022-04-13 08:28:18,0,98.246.93.102,100,271,1,2022-04-13 08:28:19,R_C4FlEdl7jX2mmMV,,,,,45.6911,-122.585,anonymous,EN,0.8999999761581421,21,,,,,3,10,3,10,3,10,3,9,3,10,1,5,1,5,1,3,1,0,,1,60,2,A2M03MZWZDXKAJ,Questions on choice unclear as whether the choice was about the number of tokens to donate or lack of charity choice
2022-04-13 08:26:50,2022-04-13 08:28:22,0,47.196.88.117,100,92,1,2022-04-13 08:28:23,R_24Hs44BrtqGTtWO,,,,,27.9032,-82.2911,anonymous,EN,1,,,,4,10,2,8,2,8,3,9,3,9,1,2,1,0,1,5,1,0,1,0,0,1,17,2,A2IUT0610X9CV0,
2022-04-13 08:26:40,2022-04-13 08:28:31,0,75.163.64.10,100,110,1,2022-04-13 08:28:31,R_8dZwh3ERIWca773,,,,,41.2854,-96.1494,anonymous,EN,0.800000011920929,1,,,,,3,10,2,8,3,10,3,9,3,9,1,0,1,0,1,5,1,0,,1,24,2,A1NMCSVPHOTPYG,
2022-04-13 08:23:24,2022-04-13 08:28:33,0,45.42.190.108,100,308,1,2022-04-13 08:28:33,R_3rNxRlBsE83TjRC,,,,,38.8865,-77.0911,anonymous,EN,0.8999999761581421,,4,6,,,3,10,3,10,3,10,3,10,3,10,3,10,3,10,3,10,3,10,0,1,12,2,A3U5WH0SL8NDND," “Please provide an answer below if you wish to provide details of circumstances or qualifications not reflected in the application"
2022-04-13 08:26:50,2022-04-13 08:28:39,0,76.188.236.153,100,108,1,2022-04-13 08:28:39,R_1CJ9wh9vaufhjIQ,,,,,41.2307,-80.4539,anonymous,EN,1,,4,0,,,3,10,3,9,3,10,3,9,3,9,1,2,1,1,1,4,1,3,2,1,16,2,AU7A3QNJF3O00,
2022-04-13 08:27:29,2022-04-13 08:28:43,0,38.78.200.83,100,73,1,2022-04-13 08:28:43,R_1GWkuFETGezzElc,,,,,41.5073,-112.0167,anonymous,EN,0.8999999761581421,11,,,,,3,10,3,10,3,10,3,9,3,10,1,0,1,0,1,0,1,0,,1,9,2,A2VIKCIM9TZL22,
2022-04-13 08:23:23,2022-04-13 08:28:43,0,208.207.178.101,100,319,1,2022-04-13 08:28:43,R_3oLpaTSwFp9i0vC,,,,,40.5978,-74.0001,anonymous,EN,0.8999999761581421,,,,4,9,2,8,2,7,2,7,3,10,2,8,2,8,2,8,3,9,1,6,0,1,23,2,AJVWQB6KJ0CVY,
2022-04-13 08:27:05,2022-04-13 08:28:46,0,108.46.20.23,100,101,1,2022-04-13 08:28:47,R_2rOyA9o2EWccneG,,,,,40.6286,-73.939,anonymous,EN,0.8999999761581421,,4,2,,,3,10,3,10,3,10,3,9,3,10,1,0,1,0,1,5,1,4,2,2,43,2,AAASQIW3J32OL,
2022-04-13 08:25:55,2022-04-13 08:29:06,0,104.171.171.76,100,190,1,2022-04-13 08:29:07,R_XuZUg5x7WUoYoDf,,,,,39.0469,-77.4903,anonymous,EN,0.8999999761581421,4,,,,,3,10,3,10,3,10,3,10,3,10,3,10,2,7,3,9,3,10,,1,13,2,A1TV2FV5CO23B,very good
2022-04-13 08:25:34,2022-04-13 08:29:07,0,104.171.171.192,100,212,1,2022-04-13 08:29:07,R_1ONcXPppGWedbcx,,,,,39.0469,-77.4903,anonymous,EN,1,,4,2,,,1,5,1,5,1,5,3,9,1,5,1,5,1,5,1,5,1,5,1,1,21,2,A347RDI3HZOUCY,
2022-04-13 08:23:34,2022-04-13 08:29:14,0,216.39.37.179,100,339,1,2022-04-13 08:29:14,R_25GDO1XJmlSrgzd,,,,,39.2842,-76.6918,anonymous,EN,0.8999999761581421,6,,,,,2,8,2,7,2,8,3,10,2,8,2,8,2,8,2,7,2,8,,2,18,2,A1XVZ4TW03BMF1,It is usefull
2022-04-13 08:27:29,2022-04-13 08:29:29,0,104.171.171.21,100,119,1,2022-04-13 08:29:29,R_20PbN2K6SeliwLI,,,,,39.0469,-77.4903,anonymous,EN,0.8999999761581421,,,,4,9,3,10,3,10,3,10,3,10,3,10,3,10,3,10,3,10,3,10,0,,,,,
2022-04-13 08:28:20,2022-04-13 08:29:29,0,74.122.57.171,100,69,1,2022-04-13 08:29:30,R_31HQpZhVgo6Wk1G,,,,,39.0469,-77.4903,anonymous,EN,1,3,,,,,2,8,2,8,2,7,3,9,2,8,2,7,1,6,1,5,2,7,,2,16,2,A2D8LB2RPJXMSQ,
2022-04-13 08:26:51,2022-04-13 08:29:33,0,208.218.226.190,100,161,1,2022-04-13 08:29:33,R_3G1h3DgiCTVb9j8,,,,,40.8023,-73.7329,anonymous,EN,0.8999999761581421,,,,4,3,3,10,3,9,3,10,3,9,3,10,3,10,3,9,3,10,3,9,0,1,13,2,A5ISAZ1UAIRW2,good
2022-04-13 08:25:47,2022-04-13 08:29:34,0,94.137.72.187,100,227,1,2022-04-13 08:29:34,R_3iXrPka8NhEdRq4,,,,,40.7425,-73.9877,anonymous,EN,0.699999988079071,4,,,,,2,8,2,8,3,9,3,9,2,7,2,7,1,4,2,7,2,7,,2,15,3,A2BZLECTSEKH1P,fun study
2022-04-13 08:26:01,2022-04-13 08:29:35,0,45.196.144.8,100,213,1,2022-04-13 08:29:35,R_Rh8uhj7GXk0NXR7,,,,,39.0469,-77.4903,anonymous,EN,0.8999999761581421,,,,4,4,2,7,2,8,2,8,3,9,1,6,1,4,1,6,1,5,1,6,1,2,10,2,A3A4JW5Q9FQ1OW,good
2022-04-13 08:28:38,2022-04-13 08:29:35,0,73.123.179.39,100,57,1,2022-04-13 08:29:36,R_wKNTvZss6kBMaHv,,,,,42.4609,-71.0074,anonymous,EN,1,1,,,,,3,10,3,10,3,10,3,9,3,9,1,0,1,0,1,0,1,0,,1,9,1,A5P12YJP805RG,
2022-04-13 08:28:04,2022-04-13 08:29:36,0,99.77.79.194,100,91,1,2022-04-13 08:29:37,R_31MhNzxsUu2vZvY,,,,,28.7935,-81.2868,anonymous,EN,1,,4,0,,,2,7,1,5,1,6,3,9,3,10,1,4,1,4,1,6,1,5,0,2,21,1,A2CB7WDJ9V6VVN,
2022-04-13 08:28:31,2022-04-13 08:29:43,0,72.192.178.157,100,72,1,2022-04-13 08:29:43,R_psHV9BgLMuUY00x,,,,,32.7398,-117.027,anonymous,EN,0.8999999761581421,,4,0,,,3,10,3,10,3,10,3,9,1,5,1,0,1,0,1,6,1,6,0,1,23,2,A26NGLGGFTATVN,
2022-04-13 08:25:28,2022-04-13 08:29:56,0,81.161.5.139,100,268,1,2022-04-13 08:29:57,R_1kZhtED6D3G4IFo,,,,,40.7662,-74.0178,anonymous,EN,1,,4,6,,,2,8,2,8,2,7,3,9,2,7,1,6,2,7,1,4,1,3,0,2,50,2,A2V88YTT9I37Y1,
2022-04-13 08:25:05,2022-04-13 08:30:07,0,202.182.64.125,100,301,1,2022-04-13 08:30:08,R_3sB5KT9zva07T4A,,,,,40.7683,-73.9802,anonymous,EN,0.800000011920929,,,,4,10,3,10,3,10,3,10,3,10,3,10,3,10,2,8,3,9,3,10,0,1,40,2,ACVWP0MRAU69A,GOOD
2022-04-13 08:25:48,2022-04-13 08:30:10,0,75.87.84.152,100,261,1,2022-04-13 08:30:10,R_qCI2tjXkDU4tTY5,,,,,27.8939,-97.3163,anonymous,EN,0.4000000059604645,,,,4,2,3,10,3,10,3,9,3,9,2,7,2,7,3,10,1,0,1,0,1,1,7,2,APYZC14DE519N,good
2022-04-13 08:26:45,2022-04-13 08:30:33,0,73.184.42.9,100,227,1,2022-04-13 08:30:33,R_ODzP573LKYxmiCB,,,,,34.126,-84.5752,anonymous,EN,0.8999999761581421,,,,4,7,2,8,2,7,3,9,3,9,2,7,2,8,3,10,2,7,2,8,1,1,17,2,AJ9IY4IHOGB8,no
2022-04-13 08:23:42,2022-04-13 08:30:33,0,98.114.56.194,100,411,1,2022-04-13 08:30:34,R_246JYqyeItdbfLg,,,,,40.185,-75.0041,anonymous,EN,0.800000011920929,6,,,,,2,8,3,9,1,6,3,9,1,1,1,2,2,8,1,2,1,2,,1,27,2,AXLZJ5KNEHYJJ,
2022-04-13 08:28:55,2022-04-13 08:30:35,0,108.244.108.104,100,100,1,2022-04-13 08:30:36,R_1qhabkAQcblztQ5,,,,,29.3959,-98.4761,anonymous,EN,0.4000000059604645,1,,,,,3,10,3,10,3,10,3,9,3,10,1,0,1,0,1,0,1,0,,1,19,3,A1CMWA0L8FTSXA,
2022-04-13 08:25:35,2022-04-13 08:30:38,0,208.218.230.247,100,302,1,2022-04-13 08:30:38,R_3O6zFR8YwVhsnYT,,,,,39.9703,-75.0617,anonymous,EN,0.8999999761581421,6,,,,,2,7,2,8,2,7,3,9,2,8,2,8,3,9,1,3,1,2,,2,31,2,A3U69MNO1JC7V4,No comments
2022-04-13 08:25:35,2022-04-13 08:30:42,0,174.53.182.72,100,307,1,2022-04-13 08:30:43,R_3emmnyHTPbP7rp2,,,,,45.128,-93.4586,anonymous,EN,0.8999999761581421,,,,4,0,3,10,3,9,3,9,3,9,3,10,1,6,1,6,1,1,1,0,1,1,26,2,A2RREI7Z5EVR2X,
2022-04-13 08:28:15,2022-04-13 08:30:51,0,108.247.233.242,100,155,1,2022-04-13 08:30:51,R_3CJIVoiilVQcEUR,,,,,33.9955,-84.6581,anonymous,EN,1,1,,,,,3,10,3,10,3,10,3,9,3,10,1,0,1,0,1,2,1,1,,2,23,2,A3G3G7SCD88G1J,
2022-04-13 08:24:46,2022-04-13 08:30:59,0,191.96.97.58,100,373,1,2022-04-13 08:30:59,R_1DYDewS61jxmPHg,,,,,41.8874,-87.6318,anonymous,EN,0.699999988079071,,4,0,,,2,7,2,8,2,7,3,9,2,7,2,7,2,8,2,8,2,7,0,1,15,3,A1CA6ZXKK09ZRI,
2022-04-13 08:24:21,2022-04-13 08:31:11,0,208.219.17.222,100,410,1,2022-04-13 08:31:12,R_3parkOsqRTxYLFP,,,,,45.5411,-122.5605,anonymous,EN,1,9,,,,,1,6,2,7,1,6,1,5,2,8,2,7,1,6,2,8,2,8,,1,38,2,A1UQJZB7GF8649,
2022-04-13 08:25:40,2022-04-13 08:31:17,0,41.90.68.206,100,337,1,2022-04-13 08:31:17,R_1KuO8mFELiTUs1I,,,,,-1.2841,36.8155,anonymous,EN,0.699999988079071,,4,5,,,2,8,2,7,2,7,3,9,3,9,2,8,2,8,2,8,3,9,0,1,33,3,A3MVVJHNQESGP4,no
2022-04-13 08:25:15,2022-04-13 08:31:21,0,109.121.2.125,100,366,1,2022-04-13 08:31:22,R_1JD6RXqCcyX9YTZ,,,,,40.738,-74.1634,anonymous,EN,0.800000011920929,6,,,,,2,7,2,7,1,6,3,9,2,7,2,7,1,6,1,5,1,4,,2,25,2,A1JBNTAYRKNBN0,"had a great time "
2022-04-13 08:27:38,2022-04-13 08:31:24,0,63.161.76.252,100,225,1,2022-04-13 08:31:25,R_1OOjH6aLarHqjNd,,,,,39.0019,-77.4556,anonymous,EN,1,,4,7,,,1,6,2,7,1,6,3,9,2,7,2,7,2,7,1,6,1,6,0,1,16,2,ANMUVSJZTKMLQ,No
2022-04-13 08:28:07,2022-04-13 08:31:30,0,149.28.100.250,100,203,1,2022-04-13 08:31:31,R_3MAoTKZSzKy6jon,,,,,25.8119,-80.2318,anonymous,EN,0.800000011920929,,,,4,7,2,7,2,7,2,7,3,9,2,7,2,8,1,6,1,6,2,7,0,1,20,2,ALHXSWQ0BLS8O,GOOD
2022-04-13 08:28:15,2022-04-13 08:31:32,0,208.218.224.105,100,196,1,2022-04-13 08:31:33,R_2rIs1UNc3k8p54v,,,,,40.8023,-73.7329,anonymous,EN,0.8999999761581421,,4,8,,,2,8,2,7,2,8,3,9,2,8,3,9,2,8,2,8,3,9,0,2,23,2,A1LV8OROE80UM5,nice
2022-04-13 08:27:33,2022-04-13 08:31:33,0,98.46.104.71,100,239,1,2022-04-13 08:31:33,R_3JwlwEJeLvdwgIf,,,,,41.946,-87.7033,anonymous,EN,0.8999999761581421,,,,4,0,3,10,3,10,3,10,3,9,3,10,1,0,1,0,1,0,1,0,0,1,14,5,A37GOI3N77WX21,
2022-04-13 08:29:59,2022-04-13 08:31:36,0,98.55.114.50,100,97,1,2022-04-13 08:31:36,R_AyV0lEO4EgCx4gV,,,,,39.7628,-105.0263,anonymous,EN,0.8999999761581421,2,,,,,1,5,2,8,1,5,3,9,1,3,1,6,1,3,1,6,1,6,,2,13,2,A3APMO8WXVH1V0,
2022-04-13 08:30:40,2022-04-13 08:31:36,0,100.11.31.123,100,56,1,2022-04-13 08:31:37,R_3NCaLNCNtVphGRS,,,,,40.1215,-75.3269,anonymous,EN,1,1,,,,,3,10,3,10,3,10,3,9,3,10,1,0,1,0,1,0,1,0,,1,24,2,A2SL8R5B6QX4Q0,
2022-04-13 08:30:23,2022-04-13 08:31:42,0,71.194.212.51,100,79,1,2022-04-13 08:31:43,R_qP0UqbkzSgK25Q5,,,,,41.5271,-87.2533,anonymous,EN,1,,,,4,0,3,10,3,10,3,10,3,9,3,10,1,0,1,0,1,0,1,0,2,1,21,2,A3HNEYFOIJWPH1,Thanks
2022-04-13 08:23:40,2022-04-13 08:31:51,0,63.161.78.160,100,491,1,2022-04-13 08:31:51,R_3eakRBA36RJNCzu,,,,,39.0019,-77.4556,anonymous,EN,0.800000011920929,,4,8,,,2,8,3,9,2,8,3,9,2,7,1,0,2,7,1,0,1,0,0,2,26,2,A26T5D9HGX7G6F,HAD A GREAT DAY
2022-04-13 08:29:54,2022-04-13 08:32:03,0,98.192.156.105,100,129,1,2022-04-13 08:32:04,R_9tXqpVLtGQqEKZz,,,,,30.4805,-84.2243,anonymous,EN,0.800000011920929,,,,4,0,3,10,3,10,3,10,3,9,3,10,1,0,1,0,1,5,1,0,2,2,27,,A171UXH8M8F6HS,
2022-04-13 08:26:24,2022-04-13 08:32:09,0,202.182.65.243,100,344,1,2022-04-13 08:32:10,R_3IabTEmJXQObKFT,,,,,40.7683,-73.9802,anonymous,EN,0.800000011920929,,4,7,,,2,8,2,8,3,9,3,9,2,8,1,0,2,7,1,0,1,0,0,2,14,2,A1WT2CM71Z9MP3,HAD A GOOD TIME.
2022-04-13 08:24:07,2022-04-13 08:32:18,0,209.185.41.97,100,490,1,2022-04-13 08:32:18,R_W66VMlA7srQgDoR,,,,,41.8825,-87.7185,anonymous,EN,1,,,,4,7,2,8,1,6,2,8,3,9,2,7,2,8,2,7,3,9,2,8,1,2,38,2,AV93KY6U9QGRX,NO COMMENTS
2022-04-13 08:24:08,2022-04-13 08:32:49,0,45.196.145.141,100,521,1,2022-04-13 08:32:50,R_01GMyFKQSs0a6jv,,,,,39.0469,-77.4903,anonymous,EN,0.699999988079071,,,,4,6,2,7,2,7,1,6,3,9,2,7,2,7,1,6,1,5,1,4,0,2,21,2,A2CNWM7VG2VGTU,"HAD A GREAT TIME "
2022-04-13 08:29:26,2022-04-13 08:32:57,0,35.139.6.91,100,211,1,2022-04-13 08:32:57,R_1OAEJCBMEPyi3Nh,,,,,28.3637,-82.6759,anonymous,EN,0.800000011920929,,4,4,,,1,4,1,6,1,5,3,9,1,2,1,2,1,2,2,7,2,7,0,1,14,5,A36WGC00R5TWWB,Thank you for the opportunity
2022-04-13 08:30:32,2022-04-13 08:33:08,0,47.183.190.45,100,155,1,2022-04-13 08:33:08,R_2zd1ZyijlYoctOG,,,,,30.6667,-98.4419,anonymous,EN,0.8999999761581421,13,,,,,3,9,3,9,3,9,3,9,3,9,1,0,1,0,1,0,1,0,,2,30,2,AF0W4ZBY7VXOU,
2022-04-13 08:23:45,2022-04-13 08:33:12,0,208.218.229.35,100,567,1,2022-04-13 08:33:13,R_2cwRWsKvgR9RwNK,,,,,40.5175,-74.3991,anonymous,EN,1,,4,10,,,3,9,2,8,3,9,3,9,3,9,1,1,1,2,1,1,1,0,0,2,44,2,A2W28HXH8EPNF9,n/a
2022-04-13 08:29:20,2022-04-13 08:33:23,0,208.207.178.101,100,242,1,2022-04-13 08:33:23,R_2qCADvCnN9z20lj,,,,,40.5978,-74.0001,anonymous,EN,0.8999999761581421,,,,4,9,3,9,2,8,2,8,3,10,3,9,3,9,2,8,2,8,2,8,0,1,23,2,AJVWQB6KJ0CVY,"IT IS VERY INTERSTING SURVEY "
2022-04-13 08:28:41,2022-04-13 08:33:37,0,98.196.209.30,100,296,1,2022-04-13 08:33:37,R_3PGGQCdsaRLKjpm,,,,,29.6002,-95.5112,anonymous,EN,0.8999999761581421,,4,10,,,3,10,3,10,3,10,3,9,3,10,1,0,1,0,1,0,1,0,0,1,12,1,AV7UX8QQXABSK,
2022-04-13 08:32:44,2022-04-13 08:33:47,0,24.0.9.36,100,63,1,2022-04-13 08:33:48,R_3Ht6hgZvnpqa4fp,,,,,40.5687,-74.3202,anonymous,EN,1,1,,,,,3,10,3,9,3,10,3,9,1,0,1,0,1,0,1,0,1,2,,2,10,2,A3KK5FKG3L0Q66,N/A
2022-04-13 08:31:28,2022-04-13 08:33:52,0,99.5.66.117,100,143,1,2022-04-13 08:33:52,R_2ctHL57u0qVtOaQ,,,,,30.161,-81.7311,anonymous,EN,0.8999999761581421,,4,0,,,1,2,2,8,2,8,3,10,2,8,1,6,1,6,2,7,2,7,1,2,18,2,A1SEVTXYQZVVKX,
2022-04-13 08:31:57,2022-04-13 08:34:00,0,103.127.176.90,100,123,1,2022-04-13 08:34:00,R_bQrjL25YDtJ05Db,,,,,23.7257,90.4026,anonymous,EN,1,4,,,,,1,3,1,6,1,6,2,7,1,5,2,8,3,9,1,3,1,1,,1,16,2,AN1RXPPD0OY28,
2022-04-13 08:31:55,2022-04-13 08:34:01,0,76.26.195.37,100,126,1,2022-04-13 08:34:01,R_5iHDL7zbfc1fjAB,,,,,32.8445,-79.8242,anonymous,EN,0.8999999761581421,,4,10,,,3,9,3,10,2,8,3,9,3,10,3,10,3,9,2,8,3,9,0,2,14,3,AEKT90ZARF6II,good
2022-04-13 08:32:31,2022-04-13 08:34:04,0,72.212.68.71,100,93,1,2022-04-13 08:34:05,R_1C8uphdXSRY7Gim,,,,,33.549,-111.9567,anonymous,EN,0.8999999761581421,,4,0,,,3,10,3,10,3,10,3,9,3,10,1,0,1,5,3,9,3,10,2,1,41,2,A3VL1CBZ3BGQK7,
2022-04-13 08:31:12,2022-04-13 08:34:12,0,73.128.50.27,100,180,1,2022-04-13 08:34:12,R_3Jztifl6K3vwBKg,,,,,39.2891,-76.5583,anonymous,EN,1,,,,4,0,3,10,2,8,3,10,3,9,3,10,1,0,1,0,1,0,1,0,2,1,18,2,A13GUTDMGGZZDL,
2022-04-13 08:32:01,2022-04-13 08:34:34,0,76.223.233.224,100,153,1,2022-04-13 08:34:35,R_2PihypjqiqyfLga,,,,,30.7544,-88.266,anonymous,EN,0.8999999761581421,1,,,,,1,2,3,9,2,7,3,9,3,9,1,2,1,2,1,2,1,2,,1,14,2,A28MDXDNK6QHMS,
2022-04-13 08:24:41,2022-04-13 08:34:41,0,208.221.77.18,100,599,1,2022-04-13 08:34:41,R_1pDqrxQFluIfryi,,,,,45.5411,-122.5605,anonymous,EN,0.8999999761581421,,,,4,8,3,9,3,10,3,9,3,9,3,9,3,10,3,10,2,8,3,9,0,1,17,2,A1NRHODZG1OWAJ,feel free
2022-04-13 08:32:33,2022-04-13 08:34:55,0,209.185.41.97,100,141,1,2022-04-13 08:34:55,R_1M1gGohTqlpysxP,,,,,41.8825,-87.7185,anonymous,EN,0.8999999761581421,,,,4,3,2,8,2,8,2,7,3,9,2,7,2,8,2,7,2,8,1,6,1,2,38,2,AV93KY6U9QGRX,
2022-04-13 08:33:00,2022-04-13 08:35:06,0,73.116.123.224,100,125,1,2022-04-13 08:35:06,R_2B3DnQ0gMz8iLDa,,,,,38.4272,-121.442,anonymous,EN,0.8999999761581421,,,,4,10,3,9,3,10,2,8,3,10,2,8,3,9,3,10,2,8,2,7,0,1,17,2,AM8G77ZHGLJG0,GOOD
2022-04-13 08:27:59,2022-04-13 08:35:08,0,208.219.17.240,100,428,1,2022-04-13 08:35:09,R_3fdt77qpDlzE2r1,,,,,45.5411,-122.5605,anonymous,EN,,,,,4,7,2,8,2,7,1,6,3,9,2,8,2,8,1,6,2,7,2,8,0,2,7,2,A1M4RAZRE3EG1C,Interesting and thoughtful.
2022-04-13 08:33:46,2022-04-13 08:35:18,0,70.171.9.199,100,91,1,2022-04-13 08:35:18,R_V4iozXSGiLzOAff,,,,,29.6138,-82.386,anonymous,EN,0.8999999761581421,,4,1,,,3,10,3,10,3,10,2,7,3,10,1,0,1,5,1,0,1,5,0,1,12,6,AZ69TBTDH7AZS,
2022-04-13 08:30:43,2022-04-13 08:35:18,0,193.233.175.91,100,274,1,2022-04-13 08:35:18,R_3R4uei0PQPdh3NY,,,,,40.7876,-74.06,anonymous,EN,0.800000011920929,,4,2,,,2,8,2,7,2,8,3,9,1,6,2,8,2,8,1,3,1,5,0,1,13,2,A3BQNCJ8UJSBMS,
2022-04-13 08:31:36,2022-04-13 08:35:18,0,208.218.228.190,100,222,1,2022-04-13 08:35:18,R_3m7THYPnColePuy,,,,,40.5175,-74.3991,anonymous,EN,0.8999999761581421,,4,4,,,1,5,1,5,2,7,3,9,2,8,2,8,3,9,3,9,2,8,2,1,8,4,A3VWM52HAHJ82F,
2022-04-13 08:30:47,2022-04-13 08:35:36,0,208.218.226.215,100,289,1,2022-04-13 08:35:37,R_240pHmV7mSEVxEw,,,,,40.8023,-73.7329,anonymous,EN,0.8999999761581421,,,,4,8,2,8,2,7,2,7,2,8,2,8,2,8,3,9,2,8,2,7,0,1,8,2,A3MLFKWDPVWVQ4,none
2022-04-13 08:24:36,2022-04-13 08:35:45,0,207.246.68.9,100,669,1,2022-04-13 08:35:46,R_2cocZvtPTcx4TW6,,,,,25.8119,-80.2318,anonymous,EN,0.800000011920929,7,,,,,3,10,3,10,3,9,3,9,3,9,1,4,2,7,1,4,1,2,,1,24,2,A2TV92F2UV83H9,GOOD TO PARTICIPATE
2022-04-13 08:34:18,2022-04-13 08:35:48,0,68.36.219.215,100,89,1,2022-04-13 08:35:48,R_1eKmg15FxUWUxfz,,,,,42.4257,-83.1522,anonymous,EN,0.8999999761581421,,4,0,,,3,10,3,10,3,10,3,9,3,10,1,0,3,10,1,0,1,0,0,2,20,3,AROOCBM042SJD,
2022-04-13 08:31:48,2022-04-13 08:36:04,0,208.219.17.222,100,255,1,2022-04-13 08:36:04,R_2ccQiunb3LZw6KX,,,,,45.5411,-122.5605,anonymous,EN,1,,,,4,7,2,7,2,7,2,8,2,7,2,8,2,7,2,7,1,6,2,8,0,1,38,2,A1UQJZB7GF8649,I do not want to leave
2022-04-13 08:34:35,2022-04-13 08:36:07,0,208.218.229.0,100,92,1,2022-04-13 08:36:08,R_2YnwGaygo9PeKCQ,,,,,40.5175,-74.3991,anonymous,EN,0.8999999761581421,5,,,,,2,8,1,6,2,8,3,9,1,6,2,8,1,6,2,8,1,6,,2,8,2,AUNR9J33YVAU9,
2022-04-13 08:34:39,2022-04-13 08:36:09,0,174.53.15.77,100,89,1,2022-04-13 08:36:09,R_1CECzELga5gzc0X,,,,,34.8108,-92.2249,anonymous,EN,0.8999999761581421,,,,4,10,3,10,2,8,2,8,3,9,3,10,1,0,1,0,1,0,1,0,0,1,20,2,ANZKTE853UXSD,
2022-04-13 08:32:43,2022-04-13 08:36:20,0,121.91.230.206,100,216,1,2022-04-13 08:36:20,R_3QFDcc40LCuESbG,,,,,39.0064,-77.4199,anonymous,EN,0.800000011920929,,4,9,,,3,10,3,10,2,8,3,9,3,10,3,9,3,10,2,8,3,10,0,2,13,2,A22DT4B3XK8I3P,no
2022-04-13 08:35:17,2022-04-13 08:36:27,0,69.23.235.1,100,70,1,2022-04-13 08:36:28,R_3fl4kXU6zRm2OYg,,,,,38.2132,-84.5455,anonymous,EN,1,,4,0,,,3,10,2,8,2,8,3,9,1,6,1,2,1,1,1,2,1,3,0,2,18,2,A1OQIXAU1SEJ4P,
2022-04-13 08:27:56,2022-04-13 08:36:40,0,174.101.136.173,100,524,1,2022-04-13 08:36:41,R_2BfzYrBZNNXWR1B,,,,,39.1497,-84.426,anonymous,EN,1,,4,0,,,3,10,3,9,1,2,3,9,3,10,1,0,1,0,1,0,1,0,0,2,10,2,A21STU4Z97J2Z6,
2022-04-13 08:31:45,2022-04-13 08:36:45,0,202.182.64.141,100,300,1,2022-04-13 08:36:46,R_08RLFrUSSY3RZVT,,,,,40.7683,-73.9802,anonymous,EN,1,,4,10,,,3,10,2,8,3,9,1,1,3,9,3,9,3,10,3,9,2,8,0,2,37,3,A2MSZ5KN7M2OTU,Good
2022-04-13 08:23:33,2022-04-13 08:36:51,0,73.41.72.132,100,798,1,2022-04-13 08:36:51,R_wYwMelyWemv5Iu5,,,,,38.5092,-121.4956,anonymous,EN,0.800000011920929,19,,,,,3,9,3,10,3,9,3,10,3,9,3,10,3,9,3,10,2,8,,1,18,2,AY8TR6WGGMIXL,well
2022-04-13 08:33:14,2022-04-13 08:36:57,0,147.124.213.149,100,223,1,2022-04-13 08:36:58,R_2TUjZNEZ61rO1dy,,,,,32.7767,-96.805,anonymous,EN,0.800000011920929,6,,,,,2,8,1,6,2,8,3,9,2,8,2,8,3,9,2,7,3,9,,1,39,2,A3RF6R1D1O94ON,GOOD
2022-04-13 08:32:19,2022-04-13 08:36:59,0,73.155.77.237,100,279,1,2022-04-13 08:36:59,R_3lRDwzE3uZ9JE6b,,,,,29.6856,-95.1186,anonymous,EN,0.8999999761581421,2,,,,,3,10,3,10,3,10,3,9,3,10,1,0,1,0,1,0,1,0,,2,17,2,A304UJAE051J89,
2022-04-13 08:35:18,2022-04-13 08:37:02,0,73.116.123.224,100,103,1,2022-04-13 08:37:02,R_3QLcxlX87BLcfjN,,,,,38.4272,-121.442,anonymous,EN,0.8999999761581421,,4,9,,,2,8,3,10,2,7,2,8,3,9,2,8,3,10,2,8,3,9,2,1,17,2,AM8G77ZHGLJG0,GOOD
2022-04-13 08:33:55,2022-04-13 08:37:26,0,208.219.17.216,100,211,1,2022-04-13 08:37:26,R_27Hb215CFZRh6Vn,,,,,45.5411,-122.5605,anonymous,EN,1,6,,,,,3,9,2,8,2,8,3,9,2,8,3,10,3,10,1,5,1,3,,2,38,2,A3AX7MFCC3DSNP,NO COMMENTS
2022-04-13 08:36:06,2022-04-13 08:37:31,0,207.246.68.9,100,84,1,2022-04-13 08:37:31,R_0GLpcZvINJKLRjb,,,,,25.8119,-80.2318,anonymous,EN,0.800000011920929,,,,4,8,3,9,3,9,2,8,3,9,3,9,3,9,1,4,1,4,1,4,0,1,24,2,A2TV92F2UV83H9,GOOD SURVEY
2022-04-13 08:34:40,2022-04-13 08:37:35,0,67.247.68.1,100,175,1,2022-04-13 08:37:35,R_2Yoa5biPi1S1suu,,,,,43.0642,-74.334,anonymous,EN,1,,,,4,0,3,10,3,10,3,10,3,9,3,10,1,1,1,1,1,1,1,1,2,1,11,2,A2NAKIXS3DVGAA,
2022-04-13 08:35:49,2022-04-13 08:37:39,0,107.180.129.27,100,110,1,2022-04-13 08:37:39,R_3EoKmIRbokkhZuy,,,,,39.0469,-77.4903,anonymous,EN,0.8999999761581421,11,,,,,2,7,2,8,1,6,3,9,2,7,2,7,2,8,2,7,2,8,,1,35,2,A1N7FDV0LJ2VRQ,its very interesting
2022-04-13 08:36:06,2022-04-13 08:38:01,0,208.218.231.58,100,115,1,2022-04-13 08:38:01,R_3lGLW10zYkWR9vG,,,,,39.9703,-75.0617,anonymous,EN,1,,,,4,9,3,9,1,6,2,7,3,9,2,8,2,8,1,4,2,8,1,4,0,2,11,2,A165D0NYSO8YA9,No Comments
2022-04-13 08:35:46,2022-04-13 08:38:06,0,98.58.161.58,100,139,1,2022-04-13 08:38:06,R_Z98bux0RutgBI6B,,,,,26.0162,-80.1955,anonymous,EN,0.8999999761581421,,4,7,,,3,9,3,10,2,8,3,9,2,8,1,3,1,5,1,3,1,6,0,1,11,1,ACKG8OU1KHKO2,
2022-04-13 08:34:16,2022-04-13 08:38:12,0,63.161.79.54,100,236,1,2022-04-13 08:38:12,R_2zqNz7WL4lZRTf8,,,,,39.0019,-77.4556,anonymous,EN,0.4000000059604645,,,,4,6,1,6,2,7,1,6,3,9,1,6,2,7,1,6,1,6,2,8,0,1,12,2,A3BN69Q9D7RQGR,NO
2022-04-13 08:31:49,2022-04-13 08:38:14,0,208.218.229.210,100,385,1,2022-04-13 08:38:15,R_2Vdred05gimCKrm,,,,,40.5175,-74.3991,anonymous,EN,0.8999999761581421,21,,,,,3,10,3,9,3,10,3,9,3,10,3,9,3,10,3,10,3,10,,2,26,2,A3FHRWR4LT78VW,Good Survey.
2022-04-13 08:34:27,2022-04-13 08:38:19,0,208.207.178.101,100,232,1,2022-04-13 08:38:20,R_2V8s6vSZBSrRKT8,,,,,40.5978,-74.0001,anonymous,EN,0.8999999761581421,11,,,,,3,9,2,8,2,8,3,10,2,8,1,6,1,6,2,7,1,6,,1,23,2,AJVWQB6KJ0CVY,NO I WANT NO LEAVE
2022-04-13 08:25:44,2022-04-13 08:38:20,0,164.90.159.227,100,755,1,2022-04-13 08:38:20,R_2b1bGPa52HOhKfl,,,,,37.3931,-121.962,anonymous,EN,0.800000011920929,,4,8,,,2,7,1,5,2,7,2,8,1,6,1,6,2,7,1,5,1,6,1,1,10,2,A1ASNLAGSF8MLP,good
2022-04-13 08:35:08,2022-04-13 08:38:20,0,107.180.129.33,100,191,1,2022-04-13 08:38:20,R_21yKQ6PWAkfdQwf,,,,,39.0469,-77.4903,anonymous,EN,0.800000011920929,21,,,,,3,9,2,8,3,9,3,9,2,8,3,9,2,8,3,9,2,8,,1,34,2,A3445PSI0T6TDU,"IT IS EASY "
2022-04-13 08:33:49,2022-04-13 08:38:28,0,149.28.101.73,100,279,1,2022-04-13 08:38:28,R_XMsqSfTtLkTYDU5,,,,,25.8119,-80.2318,anonymous,EN,0.800000011920929,6,,,,,3,9,1,6,2,7,3,9,2,8,2,8,2,7,2,8,2,7,,1,26,2,A28F2N7D4KH69W,ITS NICE
2022-04-13 08:35:22,2022-04-13 08:38:30,0,104.238.136.216,100,188,1,2022-04-13 08:38:31,R_4Gxhfdb9u5brVi9,,,,,25.8119,-80.2318,anonymous,EN,0.800000011920929,,,,4,8,2,8,3,9,3,9,3,9,2,8,2,8,3,9,3,9,3,9,1,2,23,2,AYVHDW39OCSZ4,its nice
2022-04-13 08:36:09,2022-04-13 08:38:38,0,208.218.228.190,100,148,1,2022-04-13 08:38:38,R_22AjENqwwVhi93u,,,,,40.5175,-74.3991,anonymous,EN,0.800000011920929,8,,,,,2,8,1,5,1,5,3,9,1,5,3,10,1,5,3,9,1,5,,1,8,4,A3VWM52HAHJ82F,NO COMMENTS
2022-04-13 08:36:39,2022-04-13 08:38:39,0,208.219.16.197,100,120,1,2022-04-13 08:38:39,R_urzic4OhHwHPH21,,,,,45.5411,-122.5605,anonymous,EN,1,,4,6,,,2,8,2,7,1,6,3,9,2,7,2,8,2,7,2,8,1,6,0,2,7,2,A3LX3KYROOW72,interesting survey.
2022-04-13 08:30:26,2022-04-13 08:38:42,0,45.150.223.219,100,495,1,2022-04-13 08:38:42,R_269Ii1tGuq4jtoV,,,,,39.018,-77.539,anonymous,EN,0.8999999761581421,,,,4,8,2,8,2,7,3,9,3,9,2,7,2,8,2,7,3,9,2,8,0,1,8,1,A2NAWK9PCKVQS5,nice
2022-04-13 08:34:50,2022-04-13 08:38:42,0,208.219.17.210,100,232,1,2022-04-13 08:38:42,R_DDo26yNNHHD8Co9,,,,,45.5411,-122.5605,anonymous,EN,1,,4,7,,,2,8,2,7,1,6,3,9,2,7,2,7,2,7,1,6,2,7,0,1,31,2,A1FCV6NVQM0LUL,this survey is easy
2022-04-13 08:36:11,2022-04-13 08:38:48,0,208.218.227.187,100,156,1,2022-04-13 08:38:48,R_DzPmmnJ1nLvoYx3,,,,,40.8023,-73.7329,anonymous,EN,0.8999999761581421,15,,,,,3,9,3,10,3,9,3,9,3,10,2,8,3,10,3,9,2,8,,1,8,1,A2OI65EUOJ0CBY,Nice
2022-04-13 08:34:13,2022-04-13 08:38:56,0,208.218.224.61,100,283,1,2022-04-13 08:38:56,R_1KkVsX1tixfkH10,,,,,40.8023,-73.7329,anonymous,EN,1,16,,,,,2,8,2,8,2,8,3,9,2,8,2,8,2,8,2,8,2,8,,2,11,2,A3CU04WXZO6JSY,its good
2022-04-13 08:37:03,2022-04-13 08:38:58,0,45.32.171.210,100,114,1,2022-04-13 08:38:58,R_3fcr9imSynHW5fu,,,,,25.8119,-80.2318,anonymous,EN,1,7,,,,,3,9,3,9,2,8,2,7,3,9,3,9,2,7,3,9,2,8,,1,41,2,A2CETFG8VDUO14,GOOD
2022-04-13 08:37:10,2022-04-13 08:39:00,0,121.91.230.10,100,109,1,2022-04-13 08:39:00,R_2zGY8fbPKMmXKlU,,,,,39.0064,-77.4199,anonymous,EN,0.800000011920929,,,,4,8,3,9,3,10,3,10,3,9,3,10,3,9,3,10,3,10,3,10,0,1,13,2,A2YQ6S7312JQW1,no
2022-04-13 08:33:47,2022-04-13 08:39:01,0,73.192.186.191,100,313,1,2022-04-13 08:39:01,R_1lzaPvPZMRcqTGp,,,,,38.4799,-121.4451,anonymous,EN,0.800000011920929,,,,4,8,2,8,2,8,2,7,3,10,3,9,2,8,2,8,3,9,1,5,0,2,11,2,A2WX023TSSPBAS,GOOD
2022-04-13 08:37:11,2022-04-13 08:39:07,0,45.77.160.184,100,116,1,2022-04-13 08:39:08,R_1FaNmoqSfFVVUJC,,,,,25.8119,-80.2318,anonymous,EN,0.800000011920929,7,,,,,2,7,1,5,2,7,3,9,2,7,2,7,1,6,2,7,1,6,,1,19,2,A1NCOVCRW4C91F,good
2022-04-13 08:36:09,2022-04-13 08:39:26,0,208.221.77.18,100,196,1,2022-04-13 08:39:26,R_Op6VME7bFLGWlPz,,,,,45.5411,-122.5605,anonymous,EN,0.8999999761581421,,,,4,9,3,9,3,10,3,9,3,9,2,8,3,9,3,10,3,9,2,8,0,1,17,2,A1NRHODZG1OWAJ,feel free
2022-04-13 08:24:12,2022-04-13 08:39:37,0,172.127.41.147,100,924,1,2022-04-13 08:39:38,R_1FeZrlgJfLWd97j,,,,,35.5144,-97.5865,anonymous,EN,0.8999999761581421,,,,4,8,2,8,3,9,2,7,3,10,2,8,2,8,3,10,2,7,2,8,0,2,15,2,A2HWGF8P5T5NX9,good
2022-04-13 08:39:02,2022-04-13 08:39:42,0,199.168.73.146,100,39,1,2022-04-13 08:39:42,R_tEeF7CwZYP9b4S5,,,,,38.0198,-84.5766,anonymous,EN,0.8999999761581421,1,,,,,1,4,1,4,2,8,3,9,1,2,1,6,1,3,1,6,1,4,,1,13,2,ACXP8KHFX06KR,
2022-04-13 08:38:03,2022-04-13 08:39:48,0,74.122.63.182,100,104,1,2022-04-13 08:39:48,R_2AG1neNdZkwdzSu,,,,,39.0469,-77.4903,anonymous,EN,1,,4,8,,,2,8,2,7,3,9,3,9,3,9,2,7,2,8,3,9,2,7,0,2,8,2,A2PXAQP50S2CFN,its a interesting survey
2022-04-13 08:38:16,2022-04-13 08:39:49,0,76.208.34.223,100,92,1,2022-04-13 08:39:49,R_24GHqwgWhjBeXyO,,,,,30.6552,-93.8964,anonymous,EN,0.8999999761581421,,,,4,1,3,10,2,7,1,5,3,9,2,8,1,0,1,0,2,7,1,5,0,1,25,2,A1WJIRT360P5VB,
2022-04-13 08:36:14,2022-04-13 08:39:49,0,208.218.224.98,100,215,1,2022-04-13 08:39:50,R_3dYP1TXyOc8ukpb,,,,,40.8023,-73.7329,anonymous,EN,1,11,,,,,3,9,3,9,3,10,3,9,1,3,1,1,3,9,1,1,1,0,,1,25,2,A39RWKUDH3YFO,
2022-04-13 08:25:19,2022-04-13 08:39:55,0,80.71.159.14,100,876,1,2022-04-13 08:39:55,R_3lPIVedwYBke624,,,,,39.0469,-77.4903,anonymous,EN,0.8999999761581421,,4,3,,,3,10,3,9,3,9,3,9,3,10,1,1,1,2,1,1,1,1,2,1,44,2,,A2W623FUWSWZ6F
2022-04-13 08:39:22,2022-04-13 08:40:28,0,70.16.132.164,100,66,1,2022-04-13 08:40:29,R_ZjIz0YZdkz27uoN,,,,,40.0364,-75.2219,anonymous,EN,1,1,,,,,3,10,3,10,3,10,3,9,3,10,1,0,1,0,1,0,1,0,,1,27,2,ARI1EMAHUA9PO,
2022-04-13 08:28:21,2022-04-13 08:40:31,0,74.96.0.4,100,729,1,2022-04-13 08:40:31,R_9F8XYgLZlhdqKxH,,,,,38.9091,-77.0203,anonymous,EN,0.8999999761581421,1,,,,,2,8,3,10,3,10,3,9,1,1,2,8,2,7,3,10,3,10,,1,17,2,A3TP7NJZHR6WZ1,
2022-04-13 08:37:59,2022-04-13 08:40:33,0,45.77.194.14,100,153,1,2022-04-13 08:40:33,R_3lrWU8CVAADBaat,,,,,25.8119,-80.2318,anonymous,EN,0.800000011920929,,4,10,,,2,8,2,7,2,8,3,9,2,8,2,8,2,7,2,8,2,8,0,2,8,2,A2M53RMJ6G3474,
2022-04-13 08:36:59,2022-04-13 08:40:37,0,109.121.1.26,100,217,1,2022-04-13 08:40:38,R_1GJJvJ1X4xwj5qI,,,,,40.738,-74.1634,anonymous,EN,0.800000011920929,,,,4,5,2,8,1,5,2,7,3,9,1,5,1,2,1,5,1,3,1,1,0,2,18,2,A2Z58PTI5RFDKK,
2022-04-13 08:32:42,2022-04-13 08:40:39,0,63.161.78.32,100,476,1,2022-04-13 08:40:39,R_2TKPh5FboOZ5gyy,,,,,39.0019,-77.4556,anonymous,EN,0.8999999761581421,,4,8,,,2,7,2,8,2,8,3,9,2,7,1,6,2,8,2,7,1,4,0,2,38,2,A3K0U7YO7V7KZF,none
2022-04-13 08:38:34,2022-04-13 08:40:42,0,208.218.224.117,100,127,1,2022-04-13 08:40:42,R_3EHhJZRHtQqZtnk,,,,,40.8023,-73.7329,anonymous,EN,1,7,,,,,3,10,3,9,3,9,3,10,2,8,3,9,3,10,2,8,2,7,,1,43,2,A3P5JM15H8AG4J,Thanks
2022-04-13 08:37:06,2022-04-13 08:40:48,0,147.124.219.234,100,221,1,2022-04-13 08:40:48,R_0xPyorYajsr52vL,,,,,32.7767,-96.805,anonymous,EN,0.800000011920929,,4,8,,,2,7,3,9,2,8,2,7,3,9,3,9,2,7,1,5,2,8,0,2,26,2,ATG1TVBU27YYR,GOOD
2022-04-13 08:37:36,2022-04-13 08:40:57,0,97.94.83.51,100,200,1,2022-04-13 08:40:57,R_29s0IhEPHlxJScH,,,,,43.1772,-85.2473,anonymous,EN,1,,4,0,,,3,10,3,10,3,10,3,9,3,10,1,0,1,5,1,0,1,0,2,1,24,2,A2VFEDAK5C1E1O,
2022-04-13 08:36:37,2022-04-13 08:41:00,0,208.221.77.17,100,262,1,2022-04-13 08:41:00,R_1Loos1IUgz8eAM1,,,,,45.5411,-122.5605,anonymous,EN,,,4,7,,,3,9,3,9,2,7,3,9,2,8,2,8,1,6,2,8,3,9,1,1,17,2,A7L040HRTVJ8,feel free
2022-04-13 08:24:15,2022-04-13 08:41:01,0,8.46.120.181,100,1006,1,2022-04-13 08:41:02,R_1mPp3LJEazTusll,,,,,40.8492,-73.9735,anonymous,EN,0.8999999761581421,,4,7,,,2,7,1,6,2,8,3,9,2,7,3,10,2,7,2,8,1,6,0,2,7,2,AH3YYP3T8QWG9,NO COMMENTS
2022-04-13 08:24:27,2022-04-13 08:41:02,0,202.182.66.194,100,994,1,2022-04-13 08:41:02,R_ZejIIBBlhXTlmcp,,,,,40.7683,-73.9802,anonymous,EN,0.8999999761581421,,,,4,7,3,9,2,7,2,7,3,9,2,7,1,2,2,7,1,2,1,2,0,2,14,4,A3MJQ51KN9CMQ4,HAD A GREAT TIME
2022-04-13 08:36:27,2022-04-13 08:41:04,0,208.219.17.222,100,277,1,2022-04-13 08:41:04,R_3G7bfJR9iXhLWzC,,,,,45.5411,-122.5605,anonymous,EN,1,,4,5,,,1,6,2,7,2,7,2,8,2,8,1,6,2,7,2,7,2,8,0,1,38,2,A1UQJZB7GF8649,I do not have much pleasure in giving this
2022-04-13 08:39:47,2022-04-13 08:41:09,0,24.23.0.67,100,81,1,2022-04-13 08:41:09,R_31Awi8lFjn24fpC,,,,,38.4063,-121.4287,anonymous,EN,1,1,,,,,3,10,3,9,3,9,3,9,1,5,1,1,1,6,2,7,2,8,,2,14,2,A1ODA3Q5H6HTDQ,
2022-04-13 08:40:03,2022-04-13 08:41:18,0,74.122.63.182,100,75,1,2022-04-13 08:41:19,R_26aOvt01wS5bv1Z,,,,,39.0469,-77.4903,anonymous,EN,0.8999999761581421,8,,,,,2,7,2,8,3,9,1,6,3,9,2,7,2,8,3,9,2,8,,2,1,2,A2PXAQP50S2CFN,its a interesting survey
2022-04-13 08:40:11,2022-04-13 08:41:25,0,143.110.226.251,100,73,1,2022-04-13 08:41:25,R_1mOdVHiA504QgiX,,,,,37.3931,-121.962,anonymous,EN,0.4000000059604645,,,,4,9,2,8,3,9,2,8,3,9,2,8,2,7,2,8,3,9,2,8,1,1,27,2,AHR7FTXQQ9LEV,nice
2022-04-13 08:38:00,2022-04-13 08:41:38,0,208.219.17.216,100,218,1,2022-04-13 08:41:38,R_2UgAs8zIUMT7UmO,,,,,45.5411,-122.5605,anonymous,EN,1,,4,5,,,2,8,2,7,2,8,3,9,2,7,3,9,2,8,2,8,1,4,0,2,38,2,A3AX7MFCC3DSNP,The survey is finish so I would to leave
2022-04-13 08:38:37,2022-04-13 08:41:45,0,137.148.112.26,100,188,1,2022-04-13 08:41:45,R_3ewu0Vg5RpInuKN,,,,,41.6018,-81.5257,anonymous,EN,1,,,,4,0,3,10,3,10,3,10,3,9,3,10,3,10,1,2,1,1,1,1,2,2,26,2,A1AMGHYG5PT0L2,
2022-04-13 08:40:09,2022-04-13 08:41:58,0,208.218.225.166,100,108,1,2022-04-13 08:41:58,R_1pyDycjY6ruTmY3,,,,,40.8023,-73.7329,anonymous,EN,0.8999999761581421,,,,4,7,2,8,2,7,2,8,2,7,2,8,2,8,2,7,1,6,2,7,0,2,8,2,A21SOKGW9Q5WPO,none
2022-04-13 08:41:00,2022-04-13 08:42:01,0,104.231.97.46,100,61,1,2022-04-13 08:42:01,R_2CdCsvoIsArfjYY,,,,,41.6868,-81.3399,anonymous,EN,1,1,,,,,2,7,3,10,1,3,2,7,1,3,2,7,1,1,1,5,1,5,,1,17,2,AERUGBNS48Z4N,
2022-04-13 08:39:20,2022-04-13 08:42:04,0,202.182.66.178,100,164,1,2022-04-13 08:42:04,R_1jy7d34kZvge1d9,,,,,40.7683,-73.9802,anonymous,EN,0.800000011920929,,4,9,,,3,10,2,8,3,9,2,7,2,8,3,10,3,9,3,9,3,9,0,1,30,2,A19UCK55BHGP6A,
2022-04-13 08:38:00,2022-04-13 08:42:14,0,63.160.23.42,100,253,1,2022-04-13 08:42:14,R_1QLU3be5OoulFO1,,,,,39.0469,-77.4903,anonymous,EN,0.800000011920929,,,,4,9,3,10,3,10,3,10,3,10,3,10,3,10,3,10,3,10,3,10,0,2,8,2,A1GBTYKTWBUCYJ,I like this survey.
2022-04-13 08:38:35,2022-04-13 08:42:15,0,138.59.205.72,100,219,1,2022-04-13 08:42:15,R_12Fs31Xo06xU4Oc,,,,,42.0681,-72.6256,anonymous,EN,0.800000011920929,,,,4,9,2,8,2,7,1,6,2,8,2,8,2,8,2,7,2,7,1,6,0,1,42,4,A1YEMXXFE45PMH,no commands
2022-04-13 08:40:23,2022-04-13 08:42:25,0,109.121.0.168,100,121,1,2022-04-13 08:42:25,R_2ysje7qe5ntwubr,,,,,40.738,-74.1634,anonymous,EN,0.800000011920929,,,,4,9,2,7,1,6,1,6,3,10,2,7,2,7,1,6,2,7,2,8,1,1,32,2,A3QT1WTJ22NVID,ITS GOOD
2022-04-13 08:31:54,2022-04-13 08:42:36,0,208.218.231.152,100,641,1,2022-04-13 08:42:36,R_1CHdK6TMKLNDU8J,,,,,39.9703,-75.0617,anonymous,EN,0.8999999761581421,,,,4,8,3,10,1,6,3,9,3,9,3,9,3,9,1,6,3,9,3,10,2,2,30,2,A8EU25VJOJQOR,nice
2022-04-13 08:30:07,2022-04-13 08:42:46,0,104.227.110.177,100,758,1,2022-04-13 08:42:46,R_233N0et6QSmfM9l,,,,,32.8137,-96.8704,anonymous,EN,0.4000000059604645,,,,4,7,2,8,2,7,1,6,3,9,2,8,2,7,1,6,2,8,2,8,0,1,24,2,A45ERBHE6F1IS,nice
2022-04-13 08:40:18,2022-04-13 08:43:11,0,80.71.159.14,100,172,1,2022-04-13 08:43:11,R_sgHARk8CXhO24Eh,,,,,39.0469,-77.4903,anonymous,EN,0.8999999761581421,,,,4,3,3,10,3,10,3,10,3,9,3,10,1,0,1,2,1,0,1,0,2,1,44,2,A2W623FUWSWZ6F,
2022-04-13 08:37:56,2022-04-13 08:43:23,0,170.75.148.155,100,326,1,2022-04-13 08:43:23,R_2YiaRT7vjXFvElK,,,,,35.2316,-80.8428,anonymous,EN,0.8999999761581421,11,,,,,2,8,3,9,2,8,3,9,2,8,2,8,3,9,2,8,3,9,,2,8,2,A3BS461RRPBVYJ,NICE
2022-04-13 08:38:11,2022-04-13 08:43:34,0,176.102.123.96,100,322,1,2022-04-13 08:43:34,R_3L8g0BEGPUlLLQC,,,,,39.018,-77.539,anonymous,EN,0.800000011920929,14,,,,,3,10,3,9,3,10,3,9,3,10,3,10,3,9,2,8,3,10,,2,11,2,AX51MBPI9KCH0,
2022-04-13 08:38:31,2022-04-13 08:43:34,0,23.82.141.214,100,303,1,2022-04-13 08:43:35,R_8kpK7gW9fO6V3bP,,,,,25.7641,-80.2702,anonymous,EN,0.8999999761581421,,,,4,9,3,9,3,9,3,9,3,9,3,9,1,6,1,4,1,4,1,4,0,2,8,2,A2K3G5CTGBE57N,
2022-04-13 08:35:36,2022-04-13 08:44:08,0,202.182.65.172,100,512,1,2022-04-13 08:44:08,R_vDozesVrMmWNKgh,,,,,40.7683,-73.9802,anonymous,EN,0.8999999761581421,,,,4,7,2,7,1,6,2,8,3,9,2,8,2,8,2,7,3,9,2,8,1,1,12,2,AY1AFPZSEV5E2,its good
2022-04-13 08:39:24,2022-04-13 08:44:20,0,63.161.78.59,100,295,1,2022-04-13 08:44:20,R_2lzD4JpayE9rbS9,,,,,39.0019,-77.4556,anonymous,EN,0.800000011920929,11,,,,,2,7,2,8,2,8,3,9,2,8,2,8,3,10,2,7,3,9,,1,16,2,A3CJVZ53DHPKOI,Interesting
2022-04-13 08:39:43,2022-04-13 08:44:23,0,147.182.210.245,100,280,1,2022-04-13 08:44:24,R_1hznzmeeTNCgWWq,,,,,40.793,-74.0247,anonymous,EN,0.8999999761581421,,4,8,,,3,9,2,7,2,7,3,10,3,9,1,6,1,6,2,7,1,6,0,1,13,2,A20SG62VEU7JQL,GOOD
2022-04-13 08:39:20,2022-04-13 08:44:25,0,208.218.225.101,100,304,1,2022-04-13 08:44:25,R_3EzLOUoYyIdrEgu,,,,,40.8023,-73.7329,anonymous,EN,1,,,,4,4,1,6,1,6,1,5,3,9,2,7,2,8,2,8,2,7,3,9,0,2,37,2,A1UUQAGXJDPFKT,THIS SURVEY IS GOOD
2022-04-13 08:39:42,2022-04-13 08:44:28,0,98.194.245.59,100,285,1,2022-04-13 08:44:28,R_3PABK4ZNgPPJ15p,,,,,29.4578,-95.0342,anonymous,EN,0.8999999761581421,,4,2,,,3,10,3,10,3,10,3,9,1,2,1,3,1,4,1,6,1,6,2,2,16,5,A2NMLTECRDWFN2,"my decision was influence by the fact that they have been linked to discrimination they were giving 5 tokens with that in mind I did not feel like I had to donate much more. "
2022-04-13 08:41:15,2022-04-13 08:45:10,0,208.218.224.117,100,234,1,2022-04-13 08:45:10,R_50WQwZA6Qn0X3tD,,,,,40.8023,-73.7329,anonymous,EN,1,,4,5,,,3,10,3,9,3,10,1,5,3,10,3,10,2,7,3,9,3,9,0,1,43,2,A3P5JM15H8AG4J,Thanks
2022-04-13 08:38:05,2022-04-13 08:45:13,0,208.219.18.29,100,428,1,2022-04-13 08:45:14,R_2RaEsNDX0FtN70k,,,,,45.5411,-122.5605,anonymous,EN,0.800000011920929,,,,4,8,2,8,2,7,3,9,1,6,3,9,3,9,2,8,3,9,2,7,0,1,8,1,A36CB3KV9UVE1T,NICE
2022-04-13 08:42:43,2022-04-13 08:45:20,0,63.160.23.42,100,156,1,2022-04-13 08:45:20,R_wN4XoyUmsnVXZ2V,,,,,39.0469,-77.4903,anonymous,EN,0.8999999761581421,16,,,,,3,10,3,10,3,10,3,10,3,10,3,10,3,10,3,10,3,10,,2,8,2,A1GBTYKTWBUCYJ,I like this survey.
2022-04-13 08:43:34,2022-04-13 08:45:24,0,76.105.65.150,100,110,1,2022-04-13 08:45:25,R_1QJwiaWsrgOVrwN,,,,,34.2037,-84.1031,anonymous,EN,1,,4,0,,,2,8,3,10,3,10,3,9,3,10,1,2,1,2,1,2,1,6,0,1,23,2,A163XFZG5BI0XU,
2022-04-13 08:41:53,2022-04-13 08:45:26,0,104.37.175.103,100,212,1,2022-04-13 08:45:26,R_3PSwl4GvSx3K757,,,,,32.7767,-96.805,anonymous,EN,0.800000011920929,7,,,,,2,7,1,6,1,5,3,9,2,7,2,8,3,9,2,7,1,6,,2,29,2,A1ID2IF6HB1X4K,
2022-04-13 08:44:00,2022-04-13 08:45:33,0,134.228.89.251,100,93,1,2022-04-13 08:45:34,R_1i5aUNaQ6ENh6tC,,,,,41.4425,-82.7011,anonymous,EN,0.8999999761581421,3,,,,,1,2,2,7,1,6,3,9,1,2,1,0,1,4,1,0,1,4,,1,8,3,APV9CAJZZ570R,
2022-04-13 08:43:00,2022-04-13 08:45:43,0,202.182.65.129,100,163,1,2022-04-13 08:45:44,R_2ToX49HBUL0KcTT,,,,,40.7683,-73.9802,anonymous,EN,0.8999999761581421,5,,,,,2,8,1,6,3,9,2,8,2,7,2,7,2,8,3,9,2,8,,2,32,2,A1HOL67BE2NHKC,good
2022-04-13 08:39:46,2022-04-13 08:45:46,0,208.218.225.73,100,359,1,2022-04-13 08:45:46,R_3Gj1wFHWjJrnLGa,,,,,40.8023,-73.7329,anonymous,EN,0.800000011920929,,,,4,8,2,8,3,9,2,8,3,9,2,8,2,8,3,9,3,9,2,8,0,2,8,2,A1B4LQPN21YGD0,NICE
2022-04-13 08:35:24,2022-04-13 08:45:46,0,31.131.9.9,100,622,1,2022-04-13 08:45:46,R_3n97NTYHi6XA0n3,,,,,39.0469,-77.4903,anonymous,EN,0,,4,8,,,2,8,2,7,1,6,3,9,2,8,3,9,2,7,2,8,2,7,2,1,35,5,A1428L5E38LGMX,This survey isvvery interesting
2022-04-13 08:43:40,2022-04-13 08:46:04,0,208.218.231.152,100,144,1,2022-04-13 08:46:04,R_3nJbRukapSrZuGC,,,,,39.9703,-75.0617,anonymous,EN,0.8999999761581421,,,,4,10,3,9,1,6,3,9,3,9,3,9,3,10,2,7,3,9,1,4,0,2,30,2,A8EU25VJOJQOR,nice
2022-04-13 08:36:29,2022-04-13 08:46:20,0,94.103.189.203,100,591,1,2022-04-13 08:46:20,R_Ox6BPITTYy1pQtz,,,,,39.0469,-77.4903,anonymous,EN,0.800000011920929,,4,5,,,2,7,1,6,2,8,3,9,2,7,2,7,2,8,3,9,2,8,1,1,32,2,A2NBBHE19NQKRJ,good
2022-04-13 08:43:49,2022-04-13 08:46:35,0,206.54.198.154,100,165,1,2022-04-13 08:46:35,R_1pJyrCCGc7ln22w,,,,,29.572,-95.54,anonymous,EN,0.8999999761581421,,,,4,0,3,10,2,8,3,10,3,9,3,9,1,0,1,0,1,0,1,0,1,2,15,2,A2YO837C0O1E91,
2022-04-13 08:45:46,2022-04-13 08:47:16,0,12.15.136.26,100,90,1,2022-04-13 08:47:17,R_1Qs8xQ3cmSHNnIm,,,,,41.9073,-71.4351,anonymous,EN,1,,,,4,0,3,10,3,10,3,10,3,9,3,10,1,0,1,0,1,0,1,0,0,1,12,2,A143XRCI1YXAFE,
2022-04-13 08:46:04,2022-04-13 08:47:29,0,103.127.176.89,100,85,1,2022-04-13 08:47:30,R_DAFkLkm5VpOMunT,,,,,23.7257,90.4026,anonymous,EN,1,,4,2,,,2,8,1,6,3,9,3,10,2,8,2,8,3,10,2,8,1,6,1,1,16,2,A1IHBWEL2SHHW8,
2022-04-13 08:42:20,2022-04-13 08:47:35,0,163.123.220.154,100,314,1,2022-04-13 08:47:35,R_2c1HvN4kXEmC1Dw,,,,,35.2416,-81.2181,anonymous,EN,0.800000011920929,,4,5,,,1,6,1,5,1,6,3,9,1,5,1,4,1,6,1,5,1,6,0,1,18,2,A1BQLX0A4W8A8,Interesting
2022-04-13 08:44:42,2022-04-13 08:48:04,0,109.121.0.168,100,202,1,2022-04-13 08:48:04,R_Cl8VtYMeWIGWPVn,,,,,40.738,-74.1634,anonymous,EN,0.800000011920929,,,,4,5,2,8,3,9,3,9,3,9,2,8,2,8,2,7,3,9,1,1,1,1,32,2,A3QT1WTJ22NVID,LIKE IT
2022-04-13 08:42:54,2022-04-13 08:48:11,0,208.218.227.154,100,317,1,2022-04-13 08:48:11,R_3fDe0BgeJEzYctz,,,,,40.8023,-73.7329,anonymous,EN,0.800000011920929,,4,7,,,2,8,3,9,2,8,3,9,2,7,2,8,2,7,1,6,2,7,0,2,8,2,A3G1PZ0KXZKC91,none
2022-04-13 08:39:49,2022-04-13 08:48:19,0,162.210.194.35,100,510,1,2022-04-13 08:48:20,R_ZJYbyR2H8GGRLvb,,,,,39.715,-75.6178,anonymous,EN,0.8999999761581421,6,,,,,3,9,3,9,3,10,2,8,3,9,1,1,1,3,1,1,1,2,,1,18,2,A1Z6RO9XS6SQDD,
2022-04-13 08:47:04,2022-04-13 08:48:33,0,104.37.172.9,100,88,1,2022-04-13 08:48:33,R_2U9MS66KRxdMXSC,,,,,32.7767,-96.805,anonymous,EN,0.800000011920929,,,,4,7,2,7,3,10,3,9,3,9,2,7,1,1,2,8,1,6,1,6,0,2,14,2,AUHKGKB3S3007,
2022-04-13 08:45:54,2022-04-13 08:48:35,0,73.114.250.155,100,161,1,2022-04-13 08:48:36,R_susQmsCtj1Noz29,,,,,41.7933,-72.7385,anonymous,EN,1,,4,0,,,1,6,2,8,2,7,3,9,2,7,1,5,1,5,1,5,1,5,1,2,33,2,A1RNVZBA9YT76K,I did not understand the sentence about 5 tokens being committed to them.
2022-04-13 08:40:55,2022-04-13 08:48:47,0,208.221.76.27,100,472,1,2022-04-13 08:48:48,R_3JrRKdVj7qs8ZMn,,,,,45.5411,-122.5605,anonymous,EN,0.8999999761581421,,4,8,,,3,10,3,10,3,9,3,9,2,8,3,10,3,9,3,9,3,10,0,1,8,1,A106ZH0WMFDH5D,NICE
2022-04-13 08:42:31,2022-04-13 08:49:03,0,109.121.0.129,100,392,1,2022-04-13 08:49:04,R_3fUK8aihQ6a0DYi,,,,,40.738,-74.1634,anonymous,EN,0.10000000149011612,4,,,,,2,8,3,9,2,8,3,9,2,7,1,1,3,9,1,6,2,7,,2,49,2,A2YMDBIG0XJCCA,nice
2022-04-13 08:48:24,2022-04-13 08:49:23,0,108.216.4.79,100,59,1,2022-04-13 08:49:23,R_1IoWiwJPpRhfbZu,,,,,29.9475,-81.5264,anonymous,EN,0.8999999761581421,1,,,,,3,10,3,10,3,10,3,9,3,10,1,0,1,0,1,0,1,0,,1,20,2,A3J2UG22S8BIW4,
2022-04-13 08:46:14,2022-04-13 08:49:32,0,99.185.141.111,100,197,1,2022-04-13 08:49:33,R_1mmD76fmjLIabT2,,,,,43.1475,-87.905,anonymous,EN,0.8999999761581421,3,,,,,3,10,3,10,3,10,3,9,3,10,1,0,1,1,1,1,1,0,,1,27,3,A1BETRKZ2IJEMC,
2022-04-13 08:48:02,2022-04-13 08:49:34,0,74.122.63.181,100,91,1,2022-04-13 08:49:35,R_3PgUQw6eUxl8jlQ,,,,,39.0469,-77.4903,anonymous,EN,0.8999999761581421,,4,8,,,2,8,1,6,2,7,3,9,1,6,2,8,1,6,2,8,1,6,0,2,8,2,A3CMI4AR3R41LA,good
2022-04-13 08:37:20,2022-04-13 08:49:37,0,208.219.16.199,100,737,1,2022-04-13 08:49:37,R_1ikPnZB3zwttNfx,,,,,45.5411,-122.5605,anonymous,EN,0.8999999761581421,15,,,,,3,10,3,10,3,10,3,9,3,10,1,1,3,10,1,1,1,1,,2,28,2,A2CXJJMHGE1553,n/a
2022-04-13 08:35:45,2022-04-13 08:49:41,0,24.95.181.46,100,836,1,2022-04-13 08:49:41,R_1im4qf8cXEwisC4,,,,,38.4736,-82.6413,anonymous,EN,1,,,,4,4,3,10,2,8,2,8,3,9,3,10,1,0,1,0,1,0,1,0,0,2,33,2,A3LVLZS8S41ZD7,
2022-04-13 08:45:41,2022-04-13 08:50:08,0,121.91.230.80,100,266,1,2022-04-13 08:50:08,R_2eVhbe5ZC5r0Zv0,,,,,39.0064,-77.4199,anonymous,EN,0.8999999761581421,,,,4,9,3,10,3,9,3,10,3,9,3,10,3,10,3,9,3,10,2,8,0,2,13,2,A2ZAH6D1PN9SVH,it was really good
2022-04-13 08:45:16,2022-04-13 08:50:10,0,208.218.225.116,100,294,1,2022-04-13 08:50:11,R_2P733nk2uO21gVU,,,,,40.8023,-73.7329,anonymous,EN,0.8999999761581421,3,,,,,2,8,3,9,3,10,3,9,1,3,1,3,1,4,1,5,1,4,,2,31,2,A3M46PFMDYE15U,No Comments
2022-04-13 08:49:21,2022-04-13 08:50:37,0,208.218.230.236,100,75,1,2022-04-13 08:50:37,R_1fkk0L3STilZLbU,,,,,39.9703,-75.0617,anonymous,EN,1,7,,,,,2,8,1,5,2,8,3,9,2,7,2,7,1,5,2,8,2,7,,1,7,4,A321CSFRYGQHCQ,NONE
2022-04-13 08:46:44,2022-04-13 08:50:44,0,107.180.133.131,100,239,1,2022-04-13 08:50:44,R_1QgOCakdlQlOYfB,,,,,39.0469,-77.4903,anonymous,EN,0.8999999761581421,9,,,,,2,8,3,9,2,7,3,9,2,8,2,8,3,9,2,7,3,9,,1,8,1,A3GCRVTMOFMGNS,NICE
2022-04-13 08:46:31,2022-04-13 08:52:16,0,73.99.213.35,100,344,1,2022-04-13 08:52:16,R_AKId9ea7YWmSfuh,,,,,37.2532,-80.4347,anonymous,EN,0.8999999761581421,,,,4,4,1,5,2,7,1,4,3,9,2,7,1,1,3,9,1,6,1,4,0,1,11,3,A32D2M3HGA7OJI,Nothing
2022-04-13 08:51:52,2022-04-13 08:53:49,0,208.218.227.56,100,117,1,2022-04-13 08:53:49,R_rfH4WLiJYXERvoZ,,,,,40.8023,-73.7329,anonymous,EN,1,,4,9,,,3,9,1,6,3,9,3,9,2,7,3,10,1,6,3,9,3,9,0,1,11,2,A13LKULUTCJCVU,nice
2022-04-13 08:53:39,2022-04-13 08:55:29,0,208.219.18.28,100,110,1,2022-04-13 08:55:30,R_eFJR6uZBfZ3Ezmh,,,,,45.5411,-122.5605,anonymous,EN,0.8999999761581421,,4,7,,,2,8,2,7,3,9,3,9,2,8,2,8,3,9,3,10,3,9,0,1,8,1,A3RBYJKPTSKPK7,nice
2022-04-13 08:52:42,2022-04-13 08:55:39,0,208.219.17.23,100,177,1,2022-04-13 08:55:39,R_28CfbZ5vPHcJiUr,,,,,45.5411,-122.5605,anonymous,EN,0.8999999761581421,,4,8,,,3,9,2,8,3,9,3,9,2,8,2,8,3,9,3,10,3,9,0,1,8,1,A2WUY5U84FAUN3,NICE
2022-04-13 08:53:00,2022-04-13 08:55:41,0,97.127.2.22,100,160,1,2022-04-13 08:55:41,R_3R2auPgch4yK6q4,,,,,44.9354,-93.1694,anonymous,EN,0.8999999761581421,,4,5,,,3,10,3,10,3,10,3,9,3,10,1,0,1,0,1,0,1,0,0,2,18,2,A62B826XMLK7K,
2022-04-13 08:32:15,2022-04-13 08:55:53,0,46.173.245.176,100,1418,1,2022-04-13 08:55:53,R_xbXrsBl2av6bbUt,,,,,39.018,-77.539,anonymous,EN,0.699999988079071,,4,8,,,2,8,3,9,3,10,3,9,3,10,3,9,3,10,2,8,3,10,0,1,33,2,A2NGJ9ZC0K584H,Good study.
2022-04-13 08:54:28,2022-04-13 08:55:54,0,208.221.76.22,100,85,1,2022-04-13 08:55:55,R_2pK0vhMFu1s2m9l,,,,,45.5411,-122.5605,anonymous,EN,1,7,,,,,3,9,2,8,3,10,3,9,2,8,3,10,2,8,2,7,3,9,,1,8,1,A6YOH7HEZENBB,nice
2022-04-13 08:54:10,2022-04-13 08:55:55,0,68.32.230.18,100,104,1,2022-04-13 08:55:55,R_1k00RyTHHmTcJiE,,,,,36.6713,-81.9653,anonymous,EN,1,6,,,,,1,1,1,5,1,1,3,9,1,2,3,9,3,9,1,5,1,5,,2,16,2,A3KOXHH84OKZ9G,"Not knowing what the charity/cause was affected my decision greatly. "
2022-04-13 08:54:13,2022-04-13 08:55:55,0,104.37.173.59,100,102,1,2022-04-13 08:55:56,R_1kZc1nwY3CBOWcn,,,,,32.7767,-96.805,anonymous,EN,0.4000000059604645,,,,4,6,2,7,1,4,2,7,1,5,2,7,2,7,1,5,1,6,2,7,0,2,22,2,AI202RFWE4JM0,
2022-04-13 08:54:38,2022-04-13 08:56:21,0,24.155.213.216,100,103,1,2022-04-13 08:56:22,R_23TxKvGrmiOfKWE,,,,,31.6398,-97.094,anonymous,EN,0.8999999761581421,6,,,,,3,10,3,10,3,10,3,9,3,10,1,0,1,0,1,0,1,0,,2,32,2,A33B85TN97HQ33,
2022-04-13 08:54:51,2022-04-13 08:56:32,0,208.218.231.68,100,101,1,2022-04-13 08:56:33,R_2PzBLCopguiaOR5,,,,,39.9703,-75.0617,anonymous,EN,0.4000000059604645,,,,4,10,2,8,3,9,3,10,3,10,3,9,3,9,3,10,3,9,3,10,0,1,8,1,A1FE6RR4U2YVH,nice
2022-04-13 08:55:29,2022-04-13 08:56:54,0,208.218.225.67,100,85,1,2022-04-13 08:56:55,R_p3Kw6zzgmDkXehz,,,,,40.8023,-73.7329,anonymous,EN,0.8999999761581421,19,,,,,3,9,3,10,2,7,3,10,2,7,3,10,2,8,3,10,2,8,,1,10,4,A3DJWRTIS19E8M,No
2022-04-13 08:54:28,2022-04-13 08:56:57,0,213.139.193.80,100,148,1,2022-04-13 08:56:57,R_3rG2C5TiUMTZDqT,,,,,41.8874,-87.6318,anonymous,EN,0.699999988079071,,,,4,7,2,8,3,9,3,9,3,9,3,9,1,6,2,8,2,8,2,8,0,2,10,2,A2DT4CC9GYKJEV,
2022-04-13 08:55:10,2022-04-13 08:57:02,0,107.180.133.131,100,111,1,2022-04-13 08:57:02,R_2TKVadeu7DlByd1,,,,,39.0469,-77.4903,anonymous,EN,0.8999999761581421,,4,7,,,3,9,2,7,2,8,3,9,2,8,2,8,3,9,2,7,3,9,0,1,8,1,A3GCRVTMOFMGNS,NICE
2022-04-13 08:54:56,2022-04-13 08:57:03,0,35.140.82.79,100,126,1,2022-04-13 08:57:03,R_1NrlAnpk11ubSOr,,,,,27.7045,-82.4338,anonymous,EN,1,,4,0,,,3,10,3,10,3,10,3,9,1,5,1,5,1,5,3,9,3,9,0,1,22,2,A12RF9L2BN8B5W,
2022-04-13 08:49:40,2022-04-13 08:57:04,0,76.235.221.40,100,443,1,2022-04-13 08:57:04,R_XU03PYCLFe9vjeV,,,,,39.5272,-119.9129,anonymous,EN,0.800000011920929,,,,4,7,2,8,1,6,2,8,3,9,2,7,2,8,1,6,2,8,2,8,0,1,11,2,A4KBFC5UITF49,good
2022-04-13 08:42:04,2022-04-13 08:57:20,0,107.180.131.68,100,915,1,2022-04-13 08:57:20,R_pB1gdJo0U2ca0GB,,,,,39.0469,-77.4903,anonymous,EN,0.4000000059604645,,4,7,,,2,8,2,8,3,9,3,9,2,8,2,7,3,9,2,8,2,8,0,1,8,1,A2S8MUMWE9DZYL,nice
2022-04-13 08:54:31,2022-04-13 08:57:24,0,172.58.187.106,100,173,1,2022-04-13 08:57:24,R_2CksEzORkJoFAWA,,,,,39.2909,-76.6096,anonymous,EN,1,1,,,,,3,10,3,10,3,10,3,9,1,0,3,10,3,10,3,10,3,10,,2,26,3,ADCUK2AHXYSBJ,
2022-04-13 08:55:29,2022-04-13 08:57:45,0,208.221.77.75,100,135,1,2022-04-13 08:57:45,R_9M3sVkZYjlpQqkN,,,,,45.5411,-122.5605,anonymous,EN,0.8999999761581421,6,,,,,1,6,2,8,2,7,2,8,3,9,2,7,2,8,2,7,1,6,,1,8,1,A1RS7M0B37X9JH,nice
2022-04-13 08:54:29,2022-04-13 08:57:46,0,107.72.178.71,100,196,1,2022-04-13 08:57:46,R_SO6J36LWLCsTIUV,,,,,28.4932,-81.2878,anonymous,EN,0.8999999761581421,,4,2,,,2,7,2,8,2,8,3,9,1,4,1,6,2,7,2,7,2,8,0,1,38,2,A1S56RBP0Q3BT,
2022-04-13 08:54:25,2022-04-13 08:57:49,0,70.183.177.23,100,203,1,2022-04-13 08:57:49,R_3j7IXBpCKZSdBqF,,,,,37.2759,-79.8839,anonymous,EN,0.800000011920929,,,,4,10,3,10,3,10,3,10,3,9,3,10,1,0,1,0,1,0,1,0,0,1,39,2,A1Y3IPBBZQTWR2,
2022-04-13 08:55:22,2022-04-13 08:57:58,0,208.218.231.169,100,155,1,2022-04-13 08:57:58,R_2164MyF9VotRW00,,,,,39.9703,-75.0617,anonymous,EN,0.8999999761581421,,4,5,,,3,9,3,9,3,9,2,8,2,8,2,8,3,9,3,9,2,8,0,1,17,2,A22EJW81AOG8UD,Good survey
2022-04-13 08:54:36,2022-04-13 08:57:59,0,71.196.18.138,100,202,1,2022-04-13 08:57:59,R_AmTS87pqihkHAYx,,,,,25.9562,-80.1828,anonymous,EN,1,,,,4,8,2,8,3,9,2,7,3,9,3,10,3,9,3,10,3,9,2,8,0,2,18,2,A1F31P6R43OBG,nice
2022-04-13 08:55:21,2022-04-13 08:58:12,0,23.122.23.102,100,171,1,2022-04-13 08:58:12,R_r6e1M1AxtsLHaal,,,,,32.421,-87.0212,anonymous,EN,1,11,,,,,3,10,2,8,1,0,3,9,3,9,1,0,1,0,1,0,1,0,,1,48,2,A2Z3O3JOAM2306,
2022-04-13 08:55:22,2022-04-13 08:58:18,0,174.102.118.192,100,176,1,2022-04-13 08:58:19,R_3em2MlFK4lagmc0,,,,,40.8968,-80.8615,anonymous,EN,0.8999999761581421,,,,4,0,3,10,3,9,3,10,3,9,3,9,1,5,1,6,2,8,2,8,2,2,51,2,A5Z9DOJRPICW1,
2022-04-13 08:56:46,2022-04-13 08:58:22,0,104.49.245.128,100,96,1,2022-04-13 08:58:22,R_3iC5zj0s12zLmFk,,,,,38.22,-85.6942,anonymous,EN,0.8999999761581421,,4,0,,,3,10,3,10,3,10,3,9,1,5,1,0,1,0,1,6,1,6,0,2,25,2,A1TPGXT718D68E,
2022-04-13 08:55:20,2022-04-13 08:58:27,0,162.193.23.43,100,186,1,2022-04-13 08:58:27,R_1gnYzAdLeuzkm5U,,,,,29.7009,-95.5885,anonymous,EN,0.8999999761581421,1,,,,,2,8,2,8,2,8,3,9,2,7,1,5,1,5,1,5,1,5,,1,14,2,A1ATL3G98SFW4V,
2022-04-13 08:50:38,2022-04-13 08:58:31,0,208.218.229.157,100,472,1,2022-04-13 08:58:31,R_3k1yOYlTUv65KTn,,,,,40.5175,-74.3991,anonymous,EN,0.8999999761581421,10,,,,,1,6,2,7,1,6,3,9,2,7,2,7,2,7,2,8,2,8,,1,8,1,A2OJNSMTE2RYL6,
2022-04-13 08:57:13,2022-04-13 08:58:38,0,45.63.110.158,100,85,1,2022-04-13 08:58:39,R_Wj3ewht5zr1GYRr,,,,,25.8119,-80.2318,anonymous,EN,0.800000011920929,14,,,,,2,8,2,8,2,7,3,10,2,8,2,7,3,9,2,7,3,9,,2,20,2,A1K2CSSZY75ERZ,good
2022-04-13 08:55:32,2022-04-13 08:58:38,0,208.218.225.88,100,186,1,2022-04-13 08:58:39,R_SBmmZ7PLLzQlYl3,,,,,40.8023,-73.7329,anonymous,EN,0.8999999761581421,,,,4,9,3,10,3,10,3,10,3,9,3,10,3,10,3,9,3,10,3,9,0,1,8,1,AIKXVTLD8WUFN,NICE
2022-04-13 08:54:28,2022-04-13 08:58:42,0,202.182.65.26,100,254,1,2022-04-13 08:58:42,R_2pPlzDVAvt25RAA,,,,,40.7683,-73.9802,anonymous,EN,0.8999999761581421,,4,9,,,2,8,2,8,2,7,3,9,3,10,3,9,2,8,2,7,2,8,0,1,25,2,A16IA4IRHG9RWF,survey is good
2022-04-13 08:56:28,2022-04-13 08:58:47,0,75.87.220.242,100,138,1,2022-04-13 08:58:47,R_3huOZVgRw7aBLTu,,,,,44.4371,-88.0795,anonymous,EN,1,,,,4,0,3,10,3,10,3,10,3,9,3,10,1,0,1,0,1,0,1,0,0,2,20,2,A1CMDCHS6TMIHU,
2022-04-13 08:56:18,2022-04-13 08:58:52,0,104.2.108.183,100,153,1,2022-04-13 08:58:53,R_3JF6FBXEOwQVWw7,,,,,41.5586,-87.5019,anonymous,EN,0.4000000059604645,,4,7,,,3,9,3,9,3,9,3,9,2,8,1,1,1,1,1,2,1,4,0,1,27,1,A1OOCYEFLAJD98,
2022-04-13 08:54:48,2022-04-13 08:58:59,0,208.218.225.182,100,251,1,2022-04-13 08:59:00,R_1hWGb61IoVn48Cz,,,,,40.8023,-73.7329,anonymous,EN,0.8999999761581421,,,,4,7,2,8,1,6,3,9,3,9,1,6,3,10,2,7,1,5,2,7,1,2,9,2,A2YK50JI9SGUTQ,none
2022-04-13 08:57:04,2022-04-13 08:59:03,0,208.218.230.215,100,119,1,2022-04-13 08:59:04,R_1llNIMDabX8H6JN,,,,,39.9703,-75.0617,anonymous,EN,1,,4,9,,,3,9,3,10,3,9,3,10,3,9,3,10,3,9,3,10,3,10,0,1,9,1,A36LIFT8M2EIHN,good
2022-04-13 08:54:51,2022-04-13 08:59:13,0,208.218.229.160,100,261,1,2022-04-13 08:59:13,R_WDxW5Z46ewbIKwV,,,,,40.5175,-74.3991,anonymous,EN,1,,4,7,,,3,9,2,8,2,7,3,9,2,8,3,9,2,7,2,8,3,9,0,1,8,1,A2PDABUCEIXXBG,NICE
2022-04-13 08:54:36,2022-04-13 08:59:13,0,208.218.228.115,100,276,1,2022-04-13 08:59:13,R_2yeh0a9WdCFH29s,,,,,40.5175,-74.3991,anonymous,EN,0.8999999761581421,11,,,,,2,8,3,10,2,8,3,9,2,8,3,9,3,9,2,8,1,6,,1,19,2,A9GEXMQF1F1YR,good
2022-04-13 08:54:37,2022-04-13 08:59:13,0,208.218.226.241,100,276,1,2022-04-13 08:59:14,R_VV9XrKkLgxBkXPH,,,,,40.8023,-73.7329,anonymous,EN,1,,4,9,,,3,9,3,9,3,9,3,9,3,9,2,8,3,9,3,9,3,9,0,1,13,2,A32D48PUPCOWO2,GOOD
2022-04-13 08:55:54,2022-04-13 08:59:14,0,66.115.157.194,100,199,1,2022-04-13 08:59:14,R_1FqESyckZorSpMV,,,,,37.3881,-121.8756,anonymous,EN,0.800000011920929,,,,4,4,3,9,2,8,2,8,3,9,1,6,1,2,1,2,1,2,1,3,0,2,10,3,A1R1E7TZ9OHFIG,
2022-04-13 08:56:22,2022-04-13 08:59:15,0,73.32.148.125,100,173,1,2022-04-13 08:59:15,R_1OTRDPQIhcN4LqV,,,,,29.8331,-95.7498,anonymous,EN,0.699999988079071,11,,,,,3,10,3,9,3,10,3,10,2,8,3,10,3,9,3,9,3,9,,2,9,4,A26HNQTLVHJ8FH,no comments
2022-04-13 08:57:14,2022-04-13 08:59:19,0,208.218.225.67,100,125,1,2022-04-13 08:59:19,R_wZTFkcyGIghKbfj,,,,,40.8023,-73.7329,anonymous,EN,0.8999999761581421,,,,4,8,3,9,3,9,2,7,3,10,2,8,3,10,2,7,3,9,3,10,0,1,12,4,A3DJWRTIS19E8M,No
2022-04-13 08:54:54,2022-04-13 08:59:21,0,72.132.96.143,100,266,1,2022-04-13 08:59:21,R_2dRANoZHRZ3eM6U,,,,,33.7237,-116.3803,anonymous,EN,0.8999999761581421,,4,7,,,3,10,3,9,2,7,3,10,2,8,3,10,2,8,3,9,3,10,0,2,32,2,A2MV0W0ZK0T6O0,nice.
2022-04-13 08:55:21,2022-04-13 08:59:35,0,207.135.195.104,100,254,1,2022-04-13 08:59:35,R_pJHVYHuGMLDiEIV,,,,,29.7439,-95.6067,anonymous,EN,0.8999999761581421,,4,8,,,3,9,2,8,2,7,3,10,3,10,2,7,2,8,2,8,2,7,0,2,7,3,A3HVJ95MNDXPA0,well
2022-04-13 08:55:33,2022-04-13 08:59:36,0,96.29.13.71,100,242,1,2022-04-13 08:59:36,R_OjvVWE82eBQcQc9,,,,,38.36,-86.9286,anonymous,EN,0.800000011920929,5,,,,,2,7,2,8,2,7,3,9,2,7,2,7,1,6,2,7,2,7,,2,23,2,A3RM33T6LZ5QUV,good
2022-04-13 08:57:49,2022-04-13 09:00:08,0,208.218.224.149,100,139,1,2022-04-13 09:00:08,R_3QRhAXx5st7YQLS,,,,,40.8023,-73.7329,anonymous,EN,1,,,,4,8,2,8,2,7,2,8,3,9,2,7,2,8,2,7,2,8,2,7,0,1,11,2,ACJ71HG1Z1N2C,good
2022-04-13 08:57:57,2022-04-13 09:00:20,0,122.178.83.85,100,143,1,2022-04-13 09:00:21,R_2xDyhf3EFQUAOM6,,,,,11.0142,76.9941,anonymous,EN,1,10,,,,,2,8,3,9,2,7,3,9,2,7,2,7,3,9,2,7,1,6,,1,8,1,A1RS7M0B37X9JH,nice
2022-04-13 08:58:26,2022-04-13 09:00:25,0,47.146.0.19,100,118,1,2022-04-13 09:00:25,R_2VQpB2cAHHhLPVc,,,,,34.2166,-117.3908,anonymous,EN,0.8999999761581421,,4,1,,,1,4,1,6,1,1,3,9,1,1,2,7,1,6,3,9,3,10,2,1,14,5,A1IBVWKNX3OKK7,
2022-04-13 08:58:32,2022-04-13 09:00:29,0,192.145.80.45,100,117,1,2022-04-13 09:00:30,R_1LTIJy4qT796JP6,,,,,34.0544,-118.2441,anonymous,EN,0.8999999761581421,,4,0,,,2,8,2,7,1,6,3,9,1,3,1,5,1,6,1,6,1,6,2,1,11,,A3ROADR7T6811,
2022-04-13 08:55:17,2022-04-13 09:00:30,0,154.6.24.221,100,313,1,2022-04-13 09:00:30,R_3PXfmXEXYHMmLzy,,,,,33.7485,-84.3871,anonymous,EN,0.8999999761581421,,,,4,7,3,10,3,10,3,9,3,9,3,10,1,0,1,1,1,0,1,0,1,1,14,2,A29PRSVQ9S9KRX,
2022-04-13 08:59:19,2022-04-13 09:00:35,0,72.200.148.70,100,76,1,2022-04-13 09:00:36,R_29n819XesOsoE0C,,,,,41.6868,-72.7248,anonymous,EN,0.8999999761581421,,4,0,,,3,10,3,10,3,10,3,9,3,10,1,0,1,0,1,0,1,0,2,1,23,5,ACFPXI6LMHSZU,
2022-04-13 08:54:39,2022-04-13 09:00:42,0,71.196.18.138,100,363,1,2022-04-13 09:00:43,R_ctHWtJ1w4oZ2r1n,,,,,25.9562,-80.1828,anonymous,EN,1,,,,4,10,3,10,3,9,3,10,3,9,3,10,3,10,3,9,3,10,3,9,0,2,13,2,A1F31P6R43OBG,good
2022-04-13 08:55:00,2022-04-13 09:00:45,0,208.221.76.23,100,344,1,2022-04-13 09:00:45,R_1C8iZg9u0OKfh4p,,,,,45.5411,-122.5605,anonymous,EN,0.8999999761581421,9,,,,,2,7,2,7,2,7,3,9,2,7,2,7,2,7,2,7,2,8,,1,8,1,A2K9Q5YZGQKFCF,
2022-04-13 08:58:17,2022-04-13 09:00:48,0,107.5.204.159,100,151,1,2022-04-13 09:00:49,R_32OWn6ogVHlGT63,,,,,42.6466,-83.2753,anonymous,EN,0.800000011920929,,,,4,10,3,10,2,8,3,10,2,8,3,10,3,10,2,8,3,10,3,9,1,2,18,3,A395WD62TS8C14,This survey was really very nice to me
2022-04-13 08:56:10,2022-04-13 09:00:57,0,38.68.47.112,100,287,1,2022-04-13 09:00:57,R_3hxOYkmTLHRkuVb,,,,,37.751,-97.822,anonymous,EN,0.8999999761581421,21,,,,,2,7,2,8,1,6,2,8,2,7,2,7,2,7,2,8,2,7,,1,5,2,ACK0QI5M8X43M,
2022-04-13 08:59:41,2022-04-13 09:01:27,0,208.218.225.67,100,106,1,2022-04-13 09:01:27,R_22LFkuysyZF96iI,,,,,40.8023,-73.7329,anonymous,EN,0.8999999761581421,19,,,,,3,9,3,10,2,7,3,10,3,9,2,7,3,10,2,8,1,5,,2,10,3,A3DJWRTIS19E8M,No comments
2022-04-13 08:57:04,2022-04-13 09:01:47,0,208.218.228.9,100,282,1,2022-04-13 09:01:47,R_3GE5LoqzxZoZ16k,,,,,40.5175,-74.3991,anonymous,EN,0.8999999761581421,6,,,,,2,7,1,6,2,8,1,6,2,8,2,7,2,8,1,6,2,8,,2,47,2,A268F4WRLPIYC9,nice survey
2022-04-13 09:01:06,2022-04-13 09:02:01,0,209.170.246.130,100,54,1,2022-04-13 09:02:01,R_3KTIoaR1TPQQrxf,,,,,39.5691,-75.163,anonymous,EN,1,1,,,,,3,10,3,10,3,10,3,9,2,8,1,1,1,5,2,7,1,6,,2,17,2,A1G452MFAS690B,
2022-04-13 08:59:45,2022-04-13 09:02:08,0,73.32.148.125,100,142,1,2022-04-13 09:02:08,R_PBq1N6MyFhgiqzf,,,,,29.8331,-95.7498,anonymous,EN,0.30000001192092896,13,,,,,3,10,3,10,3,10,3,10,3,9,3,9,3,9,3,9,3,10,,2,9,2,A26HNQTLVHJ8FH,no comments
2022-04-13 09:01:15,2022-04-13 09:02:09,0,104.171.171.190,100,53,1,2022-04-13 09:02:09,R_Apwp9qzsBqvw425,,,,,39.0469,-77.4903,anonymous,EN,1,,,,4,7,2,7,2,8,3,9,3,9,3,10,2,8,3,9,2,8,3,9,0,1,8,1,A4ANRSA55IW5Q,NCIE
2022-04-13 09:00:49,2022-04-13 09:02:27,0,75.75.228.115,100,97,1,2022-04-13 09:02:27,R_1LXomXiTOUnPGS2,,,,,37.751,-97.822,anonymous,EN,0.8999999761581421,,,,4,7,2,7,2,8,3,9,3,9,2,8,2,8,3,9,1,6,2,7,0,2,16,2,A1EXWP5LM3TK01,GOOD
2022-04-13 09:00:11,2022-04-13 09:02:29,0,208.218.227.211,100,137,1,2022-04-13 09:02:29,R_290RwlWmNf7cbVI,,,,,40.8023,-73.7329,anonymous,EN,0.8999999761581421,,4,9,,,3,9,3,9,3,9,3,9,3,9,3,9,2,8,2,8,3,9,0,1,8,1,A1IFDTZI886C7M,nice
2022-04-13 08:56:44,2022-04-13 09:02:30,0,208.221.76.24,100,345,1,2022-04-13 09:02:30,R_2xymn0Ksb1pdVD5,,,,,45.5411,-122.5605,anonymous,EN,1,,,,4,7,2,8,3,9,2,8,3,9,3,9,2,8,3,9,1,1,1,2,0,2,8,1,A2MPW5FPXK5CDW,nice
2022-04-13 09:00:00,2022-04-13 09:02:56,0,216.250.250.63,100,176,1,2022-04-13 09:02:56,R_1LpNubqM62xeBDb,,,,,37.751,-97.822,anonymous,EN,0.800000011920929,,4,8,,,2,8,2,7,2,8,2,7,2,8,2,7,2,7,3,9,2,8,0,1,25,2,A3TZUKHOALMSJ2,GOOD
2022-04-13 08:59:03,2022-04-13 09:03:02,0,208.218.228.174,100,239,1,2022-04-13 09:03:03,R_1jm4MHJ4120Fdcl,,,,,40.5175,-74.3991,anonymous,EN,0.8999999761581421,,4,10,,,3,9,3,10,3,10,3,9,3,10,3,9,3,10,3,9,2,8,0,1,22,4,A2MA1EA2DDDMKW,VERY NICE
2022-04-13 08:59:49,2022-04-13 09:03:12,0,96.29.13.71,100,203,1,2022-04-13 09:03:12,R_3qOoQBDwMp3Ln3i,,,,,38.36,-86.9286,anonymous,EN,0.800000011920929,,,,4,7,2,7,2,7,1,6,3,9,2,8,2,7,2,7,1,6,2,8,0,2,23,2,A3RM33T6LZ5QUV,good
2022-04-13 09:01:41,2022-04-13 09:03:29,0,107.5.204.159,100,107,1,2022-04-13 09:03:29,R_1pPvoqcdudnUwRw,,,,,42.6466,-83.2753,anonymous,EN,0.4000000059604645,8,,,,,3,9,3,10,3,9,3,10,3,9,3,10,2,8,3,9,3,10,,2,18,3,A395WD62TS8C14,This survey was really very nice to me
2022-04-13 09:01:00,2022-04-13 09:03:29,0,199.96.123.170,100,149,1,2022-04-13 09:03:29,R_ahovifL1qyCodAR,,,,,38.36,-86.9286,anonymous,EN,1,,4,0,,,3,10,2,8,3,10,3,9,1,4,1,0,1,0,1,0,1,0,1,1,7,2,AKP66RIZ3LQVX,
2022-04-13 08:58:33,2022-04-13 09:03:32,0,208.218.231.181,100,298,1,2022-04-13 09:03:33,R_111Kj3gYjO0Ypi5,,,,,39.9703,-75.0617,anonymous,EN,0.8999999761581421,,,,4,9,3,9,3,10,3,10,3,9,3,10,3,10,3,9,3,10,3,9,0,1,14,3,A1G0XJ2E05MDRI,None
2022-04-13 08:58:42,2022-04-13 09:03:55,0,108.62.118.15,100,312,1,2022-04-13 09:03:55,R_2qdB4MiZs6cksXK,,,,,39.3516,-76.629,anonymous,EN,0.800000011920929,,,,4,7,2,7,2,7,1,6,2,7,1,6,2,7,2,7,2,7,1,4,0,2,8,2,A1ZN7NLJYR4JY0,
2022-04-13 09:01:07,2022-04-13 09:04:04,0,38.68.47.112,100,177,1,2022-04-13 09:04:05,R_rpvZrK5BPsUHGc9,,,,,37.751,-97.822,anonymous,EN,0.8999999761581421,7,,,,,2,7,2,8,1,6,3,9,2,7,2,7,2,8,2,8,1,5,,,,,,
2022-04-13 08:59:46,2022-04-13 09:04:24,0,208.218.225.58,100,277,1,2022-04-13 09:04:24,R_25A3C59vFfZjpnt,,,,,40.8023,-73.7329,anonymous,EN,1,,4,7,,,3,9,2,8,2,8,3,9,2,8,3,9,2,8,3,9,2,8,0,1,32,2,A12HIYBRX191PP,Good survey
2022-04-13 09:01:46,2022-04-13 09:04:28,0,208.218.225.67,100,162,1,2022-04-13 09:04:32,R_3D8wQjcltxo6iaj,,,,,40.8023,-73.7329,anonymous,EN,0.8999999761581421,,,,4,10,3,10,2,7,3,9,3,9,3,9,2,7,3,9,2,8,1,4,0,1,18,4,A3DJWRTIS19E8M,No
2022-04-13 09:03:40,2022-04-13 09:05:10,0,216.10.186.38,100,90,1,2022-04-13 09:05:11,R_12LNHaCeieuZYpH,,,,,38.1081,-76.7823,anonymous,EN,1,2,,,,,1,3,1,6,1,5,3,9,1,5,1,5,2,7,1,5,1,5,,1,11,2,A1NRWXWPCAXDYP,
2022-04-13 08:58:57,2022-04-13 09:05:15,0,74.122.63.214,100,378,1,2022-04-13 09:05:15,R_dgvilzluBSniPm1,,,,,39.0469,-77.4903,anonymous,EN,0.8999999761581421,7,,,,,3,9,2,8,3,9,3,10,3,9,2,8,3,9,2,8,3,9,,2,9,2,A2791SCOXPGB25,nice
2022-04-13 08:59:50,2022-04-13 09:05:18,0,208.195.25.75,100,327,1,2022-04-13 09:05:21,R_sZu17MIhFCSwach,,,,,37.751,-97.822,anonymous,EN,0.8999999761581421,11,,,,,3,9,2,8,2,8,3,9,2,8,2,8,2,8,3,9,2,7,,1,33,2,A1M9ED6NUDC9KV,no
2022-04-13 08:45:23,2022-04-13 09:05:37,0,208.218.225.204,100,1213,1,2022-04-13 09:05:37,R_2DYQp0Mbap5jjb8,,,,,40.8023,-73.7329,anonymous,EN,1,,,,4,8,2,8,3,9,2,8,3,9,3,10,3,9,2,8,2,8,3,9,0,1,8,1,A27VSNWRYX3CEU,NICE
2022-04-13 09:04:32,2022-04-13 09:06:05,0,157.52.175.59,100,93,1,2022-04-13 09:06:05,R_Uop1ul6VPUuwfBL,,,,,45.5242,-122.6684,anonymous,EN,0.699999988079071,,4,6,,,2,7,1,5,2,8,3,9,2,7,2,7,1,5,2,8,2,7,1,2,22,2,A328I88IU68S5X,
2022-04-13 09:03:13,2022-04-13 09:06:27,0,208.218.226.188,100,193,1,2022-04-13 09:06:27,R_2Xof10hJ1n1ufDP,,,,,40.8023,-73.7329,anonymous,EN,0.8999999761581421,,4,9,,,3,9,3,9,3,9,3,9,2,8,2,8,3,9,3,9,3,10,0,1,8,1,A14KI8Q5500WNH,nice
2022-04-13 09:04:37,2022-04-13 09:07:24,0,208.218.231.71,100,167,1,2022-04-13 09:07:25,R_3fSG24NNZtW3meO,,,,,39.9703,-75.0617,anonymous,EN,0.8999999761581421,,,,4,7,3,9,2,8,2,8,3,9,2,8,3,9,2,8,3,9,3,9,1,1,27,2,A3FBUNEIA8S07Q,Good survey
2022-04-13 09:05:40,2022-04-13 09:07:25,0,208.218.225.67,100,104,1,2022-04-13 09:07:25,R_2tbQQ9NbSGG0mZN,,,,,40.8023,-73.7329,anonymous,EN,0.8999999761581421,,,,4,7,2,7,3,10,3,9,3,9,2,8,2,8,3,9,3,10,3,9,1,1,12,2,A3DJWRTIS19E8M,No
2022-04-13 09:05:42,2022-04-13 09:08:27,0,74.122.63.214,100,165,1,2022-04-13 09:08:27,R_2sXSiiEdlBemSs1,,,,,39.0469,-77.4903,anonymous,EN,0.8999999761581421,,4,9,,,2,8,1,5,2,8,3,10,3,9,1,5,2,8,2,8,3,9,0,2,8,2,A2791SCOXPGB25,good
2022-04-13 08:48:55,2022-04-13 09:09:07,0,104.37.174.172,100,1212,1,2022-04-13 09:09:08,R_pmZO385rcYXbGXT,,,,,32.7767,-96.805,anonymous,EN,0.8999999761581421,9,,,,,1,5,2,7,3,10,3,9,2,7,1,5,3,9,1,2,1,5,,,,,AA2H2DHJM8996,
2022-04-13 09:07:28,2022-04-13 09:10:45,0,128.92.250.226,100,197,1,2022-04-13 09:10:46,R_2sdrMcT3JlnQVNu,,,,,34.5826,-117.424,anonymous,EN,0.8999999761581421,6,,,,,2,8,2,7,3,9,3,9,2,7,2,8,3,9,2,7,2,8,,2,11,2,A1Y0K0AX7QQ3R0,Good
2022-04-13 09:07:10,2022-04-13 09:11:19,0,208.218.229.194,100,248,1,2022-04-13 09:11:19,R_3rYTKmPKXbXkDQj,,,,,40.5175,-74.3991,anonymous,EN,0.8999999761581421,,4,7,,,3,9,2,8,2,7,3,9,2,8,2,8,2,7,2,8,2,7,0,1,8,1,A1UPL6ODPLRMFZ,nice
2022-04-13 09:09:14,2022-04-13 09:11:43,0,208.218.228.75,100,149,1,2022-04-13 09:11:44,R_A10NKzFvHnxonXH,,,,,40.5175,-74.3991,anonymous,EN,1,,4,8,,,2,8,2,8,3,9,2,7,2,8,2,7,2,8,3,9,2,7,0,1,25,2,A3LNFQQQUIPKGX,good
2022-04-13 08:46:44,2022-04-13 09:11:47,0,207.246.70.107,100,1503,1,2022-04-13 09:11:48,R_21hRhxXrmcHAOfA,,,,,25.8119,-80.2318,anonymous,EN,0.800000011920929,,4,8,,,1,5,1,5,2,7,3,9,2,7,1,5,1,1,1,4,3,9,2,,,,A1YFFKN3QVV54D,
2022-04-13 09:10:03,2022-04-13 09:12:07,0,122.178.81.238,100,124,1,2022-04-13 09:12:07,R_30pCpBNer5x1MCf,,,,,11.0142,76.9941,anonymous,EN,1,,4,9,,,3,9,3,9,2,8,3,9,3,9,1,6,3,9,3,9,2,7,0,1,8,1,A2AY0J4EPMBKRK,NICE
2022-04-13 09:07:48,2022-04-13 09:12:11,0,67.233.187.157,100,263,1,2022-04-13 09:12:12,R_1d0O9Fa3g7MgfPq,,,,,28.9269,-81.9227,anonymous,EN,0.8999999761581421,,4,8,,,1,5,3,10,2,8,3,9,1,3,2,8,2,8,3,10,2,8,0,1,35,2,A17AF42SNQNH9C,I give to the Salvation Army on a regular basis.
2022-04-13 09:09:36,2022-04-13 09:12:18,0,206.213.43.100,100,161,1,2022-04-13 09:12:19,R_1FOC7VdiUPK5Byj,,,,,33.6262,-112.0074,anonymous,EN,0.30000001192092896,,,,4,1,3,10,3,10,3,10,3,9,3,10,1,0,3,10,1,0,1,0,0,1,15,2,A23BQ23YJE0VYL,
2022-04-13 09:09:18,2022-04-13 09:12:28,0,202.182.66.120,100,190,1,2022-04-13 09:12:28,R_306v3dvkMgdgXtP,,,,,40.7683,-73.9802,anonymous,EN,1,8,,,,,3,9,3,10,2,8,3,9,3,10,2,8,3,10,2,8,3,9,,1,25,3,A3VY8BHM0U544E,
2022-04-13 09:09:00,2022-04-13 09:12:33,0,50.30.89.6,100,213,1,2022-04-13 09:12:33,R_2dN3i7S3gFuvRli,,,,,29.1008,-98.6282,anonymous,EN,0.800000011920929,,,,4,7,2,7,2,7,1,4,3,9,2,7,3,9,1,6,2,7,2,7,1,2,2,2,AMEGLR4IDYQWR,IT WAS GOOD EXPERIENCE
2022-04-13 08:55:58,2022-04-13 09:12:56,0,31.131.9.94,100,1018,1,2022-04-13 09:12:56,R_3iVkDGrf9xtYuc9,,,,,39.0469,-77.4903,anonymous,EN,,,4,10,,,2,8,2,8,2,8,3,9,2,7,2,8,2,7,1,6,2,7,1,2,14,5,A1CE8PHRLDHBUB,nice
2022-04-13 09:00:07,2022-04-13 09:13:17,0,162.210.194.10,100,790,1,2022-04-13 09:13:18,R_2E9QQ2ozwYRDJvv,,,,,39.715,-75.6178,anonymous,EN,0.8999999761581421,,,,4,8,3,10,2,8,3,9,3,9,3,10,1,0,1,1,1,2,1,2,0,2,17,3,A39VVWV1GHLMFD,none
2022-04-13 09:11:26,2022-04-13 09:13:31,0,122.178.81.238,100,124,1,2022-04-13 09:13:31,R_b9qKJGSOFBuWl21,,,,,11.0142,76.9941,anonymous,EN,1,12,,,,,3,10,3,10,3,9,3,9,3,10,3,10,3,9,3,10,3,9,,1,8,1,A8SY1P46FAXWN,NICE
2022-04-13 09:12:01,2022-04-13 09:13:44,0,208.218.228.75,100,102,1,2022-04-13 09:13:44,R_0SC961FklzzIE4V,,,,,40.5175,-74.3991,anonymous,EN,1,,,,4,5,2,8,1,6,2,7,2,7,2,8,2,8,3,9,2,7,2,8,0,1,25,2,A3LNFQQQUIPKGX,good
2022-04-13 09:10:38,2022-04-13 09:14:39,0,208.218.225.198,100,240,1,2022-04-13 09:14:39,R_e51onQli7YfSmaZ,,,,,40.8023,-73.7329,anonymous,EN,0.8999999761581421,11,,,,,2,7,2,8,1,5,3,9,2,7,2,8,2,8,2,7,2,7,,2,23,2,ABSE6LQA1OKA1,THIS SURVEY IS GOOD
2022-04-13 09:12:52,2022-04-13 09:15:11,0,202.182.66.120,100,138,1,2022-04-13 09:15:11,R_3rHZSb0rhB9aBEZ,,,,,40.7683,-73.9802,anonymous,EN,0.8999999761581421,,,,4,9,3,9,3,10,2,8,3,9,3,10,2,8,3,10,2,8,3,9,0,1,25,3,A3VY8BHM0U544E,this study was very much attract like
2022-04-13 09:13:37,2022-04-13 09:15:25,0,73.218.164.62,100,107,1,2022-04-13 09:15:25,R_1DXVfQPDlR2T89b,,,,,42.8133,-70.8814,anonymous,EN,1,,4,0,,,3,10,3,10,3,10,3,9,3,10,1,0,1,0,1,0,1,0,2,1,25,2,A1S2NQYJGZ0C5F,
2022-04-13 09:08:35,2022-04-13 09:15:26,0,208.221.77.39,100,411,1,2022-04-13 09:15:27,R_3qUIKyaVqSTyYgC,,,,,45.5411,-122.5605,anonymous,EN,1,,,,4,10,3,10,2,8,1,5,3,10,3,10,3,10,3,10,1,1,1,2,0,1,30,2,A1QZ8UA24SOTIU,
2022-04-13 09:13:18,2022-04-13 09:15:35,0,208.218.224.15,100,136,1,2022-04-13 09:15:35,R_21nQHJByQY9yvkF,,,,,40.8023,-73.7329,anonymous,EN,0.8999999761581421,5,,,,,1,5,2,7,3,9,3,9,3,9,1,6,2,7,2,8,2,8,,1,13,2,A2KHTZY66MAM6I,good
2022-04-13 09:12:54,2022-04-13 09:15:37,0,121.91.230.238,100,163,1,2022-04-13 09:15:37,R_1IQ5nK3r4fi4lEQ,,,,,39.0064,-77.4199,anonymous,EN,0.8999999761581421,,4,7,,,3,9,2,7,3,10,3,9,2,8,3,10,2,8,3,9,3,10,0,1,13,2,A18HE9WNM6LQYG,good
2022-04-13 09:14:24,2022-04-13 09:16:41,0,45.42.190.118,100,137,1,2022-04-13 09:16:41,R_1E4cRSQf0zk2NEB,,,,,38.8865,-77.0911,anonymous,EN,0.8999999761581421,,,,4,9,3,9,3,10,3,9,2,8,3,9,3,9,3,10,3,9,2,8,1,1,36,2,A1JNIN96BSAS77,none
2022-04-13 09:16:58,2022-04-13 09:18:08,0,70.44.214.4,100,70,1,2022-04-13 09:18:09,R_3e5ntOuE0jCGszC,,,,,40.5201,-75.7768,anonymous,EN,1,1,,,,,1,3,3,10,1,3,3,9,1,0,1,4,1,6,1,6,1,6,,1,9,3,A3I9743KVD971V,
2022-04-13 09:15:24,2022-04-13 09:18:20,0,208.218.231.231,100,176,1,2022-04-13 09:18:21,R_2doRCwx66hXC7wZ,,,,,39.9703,-75.0617,anonymous,EN,0.8999999761581421,,,,4,8,3,9,2,8,3,9,3,9,3,10,2,8,3,9,2,8,3,9,0,1,8,1,A12QU3GIBO0UPT,NICE
2022-04-13 09:15:36,2022-04-13 09:18:40,0,72.231.215.116,100,184,1,2022-04-13 09:18:41,R_ewE0fTmZM3quE0h,,,,,43.1234,-77.7334,anonymous,EN,1,,4,10,,,3,10,3,10,3,10,3,10,3,10,3,10,3,10,3,10,3,10,0,1,35,2,A13AABAIO47YIC,GOOD
2022-04-13 09:14:41,2022-04-13 09:19:12,0,202.182.65.197,100,270,1,2022-04-13 09:19:12,R_117qfBdr7QpXLEC,,,,,40.7683,-73.9802,anonymous,EN,0.4000000059604645,4,,,,,3,9,3,9,3,9,3,9,3,10,3,9,3,9,1,6,1,6,,2,17,2,AHI0YY29UNPTM,
2022-04-13 09:16:54,2022-04-13 09:19:21,0,45.42.190.118,100,147,1,2022-04-13 09:19:21,R_3PXIzFYYndqcCtZ,,,,,38.8865,-77.0911,anonymous,EN,0.8999999761581421,,,,4,9,3,9,3,9,3,9,3,10,3,9,3,9,3,10,3,9,2,8,0,1,36,2,A1JNIN96BSAS77,good one
2022-04-13 09:17:27,2022-04-13 09:19:56,0,208.218.229.21,100,148,1,2022-04-13 09:19:56,R_1JJGKDXxw9Tvy1h,,,,,40.5175,-74.3991,anonymous,EN,0.8999999761581421,,4,7,,,2,7,2,8,2,7,3,9,2,8,2,7,2,8,1,6,2,8,0,1,8,2,A24S88P8055C15,none
2022-04-13 09:17:48,2022-04-13 09:21:03,0,208.218.224.19,100,194,1,2022-04-13 09:21:04,R_3JmCWsXuSLBi9wN,,,,,40.8023,-73.7329,anonymous,EN,1,,4,6,,,2,7,2,7,3,9,3,9,3,10,1,5,2,7,3,9,2,8,0,1,13,2,AW1U7EAN7TMQP,good
2022-04-13 09:19:20,2022-04-13 09:22:21,0,202.182.65.197,100,181,1,2022-04-13 09:22:21,R_2aXBxWpag8uIhWW,,,,,40.7683,-73.9802,anonymous,EN,0.4000000059604645,,4,4,,,3,10,3,10,3,10,3,9,3,10,3,10,3,10,1,5,1,5,0,2,17,2,AHI0YY29UNPTM,
2022-04-13 09:18:56,2022-04-13 09:22:56,0,75.36.114.184,100,239,1,2022-04-13 09:22:56,R_1kH9bV4Ig5OxPfb,,,,,36.122,-95.9183,anonymous,EN,0.8999999761581421,1,,,,,3,10,3,10,3,10,3,9,3,10,1,0,1,0,1,0,1,0,,2,18,2,A1FS8SBR4SDWYG,
2022-04-13 09:20:08,2022-04-13 09:23:39,0,206.123.141.185,100,210,1,2022-04-13 09:23:39,R_10NpKc1KogoDziZ,,,,,37.7809,-122.4245,anonymous,EN,0.8999999761581421,,,,4,0,3,10,3,10,3,10,3,9,3,10,1,0,1,5,1,0,1,0,2,2,20,2,AKNYT1NTK2UFK,
2022-04-13 09:21:20,2022-04-13 09:24:01,0,208.218.227.39,100,160,1,2022-04-13 09:24:01,R_SCclathchkaFIYN,,,,,40.8023,-73.7329,anonymous,EN,1,,4,8,,,3,9,3,9,3,9,3,9,3,10,3,9,3,10,2,8,3,10,0,2,47,2,A19HQLAAEPNRZ9,nice
2022-04-13 09:21:37,2022-04-13 09:24:03,0,208.195.17.77,100,146,1,2022-04-13 09:24:03,R_1jg2TxcDLne5DFS,,,,,37.751,-97.822,anonymous,EN,0.4000000059604645,,,,4,7,1,6,1,6,1,4,3,9,2,7,2,7,1,6,2,7,2,8,0,1,29,2,A29V4F93033DXC,good
2022-04-13 09:22:19,2022-04-13 09:24:45,0,202.182.64.203,100,145,1,2022-04-13 09:24:45,R_12zKhNQLzTKbUTp,,,,,40.7683,-73.9802,anonymous,EN,0.8999999761581421,8,,,,,3,9,3,9,3,10,3,10,2,8,3,10,3,9,2,8,3,9,,1,43,2,A22QMUWKMRKGRZ,GOOD
2022-04-13 09:24:43,2022-04-13 09:26:03,0,67.52.5.234,100,80,1,2022-04-13 09:26:03,R_2dgqP9ryt9jS51E,,,,,44.277,-88.4011,anonymous,EN,0.8999999761581421,,4,0,,,3,10,3,10,3,10,3,9,3,10,1,0,1,5,1,5,1,5,0,2,29,2,A1HH3ZNP1JP6KP,
2022-04-13 09:22:16,2022-04-13 09:26:34,0,202.182.64.203,100,258,1,2022-04-13 09:26:34,R_VLkHlhJebnzeQgN,,,,,40.7683,-73.9802,anonymous,EN,0.8999999761581421,,,,4,8,3,10,3,9,3,10,2,8,3,10,3,10,3,9,2,8,3,9,0,1,43,2,A22QMUWKMRKGRZ,GOOD
2022-04-13 09:25:15,2022-04-13 09:27:12,0,45.42.190.94,100,116,1,2022-04-13 09:27:12,R_1C4qiP9MyrwF14K,,,,,38.8865,-77.0911,anonymous,EN,1,6,,,,,3,9,3,9,3,10,3,9,3,9,2,8,3,9,1,1,1,1,,1,12,2,A2BNB1ISOQISAS,
2022-04-13 09:16:26,2022-04-13 09:28:40,0,107.210.154.38,100,734,1,2022-04-13 09:28:40,R_9mEO8BxUDbUiLqF,,,,,37.7047,-122.1245,anonymous,EN,0.800000011920929,4,,,,,3,9,3,10,3,9,3,9,3,9,3,9,2,8,3,9,2,8,,2,15,2,A3ERHOQYW4FKBY,It is good
2022-04-13 09:24:56,2022-04-13 09:28:42,0,181.215.249.157,100,225,1,2022-04-13 09:28:42,R_xc3jrxHnTaMmRGN,,,,,34.0494,-118.2661,anonymous,EN,0.4000000059604645,,,,4,7,3,9,2,8,2,7,3,9,3,10,3,9,3,10,1,6,2,8,0,2,13,2,AZVPU2TIKDA8G,It is nice.
2022-04-13 09:24:05,2022-04-13 09:29:44,0,74.122.61.232,100,338,1,2022-04-13 09:29:44,R_UuzLpkg59kHqzEB,,,,,39.0469,-77.4903,anonymous,EN,0.8999999761581421,,4,5,,,2,7,2,8,2,8,3,9,2,7,2,8,1,6,3,9,2,8,2,2,18,2,A1GR7QZWVJ1GZQ,
2022-04-13 09:31:31,2022-04-13 09:32:35,0,98.212.187.205,100,63,1,2022-04-13 09:32:35,R_3DwIdC23wpdOlUY,,,,,42.0487,-87.8905,anonymous,EN,0.8999999761581421,,4,0,,,3,10,3,10,3,10,3,9,1,0,1,0,1,0,2,8,2,7,0,1,10,2,A2JP9IKRHNLRPI,
2022-04-13 09:30:51,2022-04-13 09:33:05,0,170.83.234.68,100,134,1,2022-04-13 09:33:06,R_5zKEoLiv7dyZuWB,,,,,39.5792,-104.8769,anonymous,EN,0.4000000059604645,4,,,,,2,8,2,8,3,10,3,10,2,8,2,8,3,9,3,9,3,9,,1,15,2,A9OA1O1TR2QGT,GOOD
2022-04-13 09:27:11,2022-04-13 09:33:28,0,172.82.143.17,100,376,1,2022-04-13 09:33:28,R_1Nh3xowM5Usxuqs,,,,,39.018,-77.539,anonymous,EN,0.800000011920929,3,,,,,1,6,1,5,2,7,3,9,2,8,2,8,3,9,2,8,3,9,,2,7,2,A392WSCAS81ZMT,no
2022-04-13 09:31:20,2022-04-13 09:33:30,0,24.6.41.216,100,130,1,2022-04-13 09:33:30,R_2flCEN1SeC4J9pD,,,,,37.7703,-122.4407,anonymous,EN,0.4000000059604645,1,,,,,1,0,3,10,1,2,3,9,2,8,1,1,3,9,1,0,1,1,,2,19,1,A2JW9RMYFHTI0I,
2022-04-13 09:30:31,2022-04-13 09:37:16,0,141.98.235.128,100,404,1,2022-04-13 09:37:16,R_3FUkilqONfMLb9q,,,,,40.7876,-74.06,anonymous,EN,0.800000011920929,,4,8,,,2,7,2,7,2,7,3,9,2,7,2,8,2,7,2,7,2,7,2,1,25,4,A4R8AMYDMS8ZO,Thanks
2022-04-13 09:33:44,2022-04-13 09:37:52,0,172.82.143.17,100,247,1,2022-04-13 09:37:52,R_oYITtO5NkWjBWyl,,,,,39.018,-77.539,anonymous,EN,0.800000011920929,,,,4,7,2,8,2,7,2,8,3,9,2,8,3,10,3,10,3,10,3,10,1,2,6,2,A392WSCAS81ZMT,No
2022-04-13 09:29:29,2022-04-13 09:38:33,0,104.49.197.187,100,543,1,2022-04-13 09:38:34,R_21st8aNRr1vCra8,,,,,29.8875,-90.0337,anonymous,EN,1,,,,4,8,2,8,3,9,2,7,2,7,2,8,2,8,2,8,2,7,2,8,0,1,12,2,A13TDL9QXTVW5U,good and easy
2022-04-13 09:37:19,2022-04-13 09:42:45,0,24.15.19.69,100,325,1,2022-04-13 09:42:45,R_2R3uEOZDJRUz6rG,,,,,41.8812,-87.8457,anonymous,EN,0.8999999761581421,,,,4,4,2,8,2,7,2,8,3,9,2,7,2,8,2,7,1,6,1,5,0,1,13,2,A1YQS2G11TYVPJ,good survey
2022-04-13 09:38:43,2022-04-13 09:44:11,0,172.82.143.17,100,327,1,2022-04-13 09:44:11,R_1H18hUNkGiHRiIJ,,,,,39.018,-77.539,anonymous,EN,0.800000011920929,5,,,,,2,8,3,9,2,8,3,9,2,8,3,10,3,10,3,10,3,10,,1,7,2,A392WSCAS81ZMT,No
2022-04-13 09:29:26,2022-04-13 09:44:45,0,104.49.197.187,100,919,1,2022-04-13 09:44:45,R_2TmDgBFekptZ11p,,,,,29.8875,-90.0337,anonymous,EN,1,,4,7,,,2,8,2,7,2,8,3,9,2,8,2,8,3,9,2,7,2,8,0,1,11,2,A13TDL9QXTVW5U,good and easy
2022-04-13 09:43:19,2022-04-13 09:47:23,0,24.15.19.69,100,243,1,2022-04-13 09:47:23,R_32KQeaiP1uZODXC,,,,,41.8812,-87.8457,anonymous,EN,0.800000011920929,,,,4,7,3,10,2,8,2,7,3,9,2,7,1,5,1,6,1,5,1,6,0,1,13,2,A1YQS2G11TYVPJ,neutral
2022-04-13 09:47:49,2022-04-13 09:48:32,0,174.70.185.33,100,42,1,2022-04-13 09:48:32,R_2dG7It2fr5hWnin,,,,,39.0421,-95.7187,anonymous,EN,1,1,,,,,1,5,1,5,1,5,3,9,1,5,1,5,1,5,1,5,1,5,,1,17,2,AD1ILDUXZHASF,
2022-04-13 09:49:14,2022-04-13 09:53:40,0,208.219.19.252,100,266,1,2022-04-13 09:53:40,R_CdISKoIJ4R4zEfT,,,,,45.5411,-122.5605,anonymous,EN,0.800000011920929,,4,10,,,2,8,2,8,2,7,2,8,2,7,2,8,1,6,2,8,2,8,0,2,32,2,A2OVR01G29LFQV,good
2022-04-13 09:51:12,2022-04-13 09:53:49,0,208.218.226.197,100,156,1,2022-04-13 09:53:49,R_9GrbAWe1q715DR7,,,,,40.8023,-73.7329,anonymous,EN,0.8999999761581421,9,,,,,2,7,1,6,2,7,2,8,2,7,2,8,3,9,2,8,2,7,,1,8,2,A30ZREBQE6JPJ5,good
2022-04-13 09:54:41,2022-04-13 09:56:22,0,202.182.64.30,100,100,1,2022-04-13 09:56:22,R_2fj6Zen15q58sBs,,,,,40.7683,-73.9802,anonymous,EN,1,,4,8,,,2,8,3,9,3,10,3,10,3,9,2,8,3,9,3,9,3,10,0,1,46,2,A2HW1TJJP1J6RT,good
2022-04-13 09:54:12,2022-04-13 09:57:10,0,74.122.63.219,100,177,1,2022-04-13 09:57:10,R_2v6yrlqqL4wovNM,,,,,39.0469,-77.4903,anonymous,EN,1,,,,4,10,3,9,3,10,3,9,3,9,3,10,3,9,2,8,3,10,3,9,0,1,8,2,A3084P5PROPWOI,in this study was good
2022-04-13 09:57:38,2022-04-13 09:58:59,0,74.122.63.219,100,80,1,2022-04-13 09:58:59,R_sp1Qiy3X4xHj8J3,,,,,39.0469,-77.4903,anonymous,EN,1,,4,10,,,3,9,2,8,3,9,3,9,3,10,3,9,2,7,3,9,3,10,0,1,8,2,A3084P5PROPWOI,
2022-04-13 09:58:15,2022-04-13 10:00:11,0,208.218.229.9,100,115,1,2022-04-13 10:00:12,R_3QLapp1yX7SNXLc,,,,,40.5175,-74.3991,anonymous,EN,1,,,,4,8,2,8,1,6,3,9,3,9,2,7,2,8,1,6,3,9,2,7,0,1,17,2,A1YX69GFGX5REP,none
2022-04-13 09:57:09,2022-04-13 10:01:20,0,165.227.84.163,100,250,1,2022-04-13 10:01:20,R_2VOQ8rdspEm7yVH,,,,,40.793,-74.0247,anonymous,EN,0.8999999761581421,8,,,,,2,8,3,10,2,7,2,7,3,10,2,8,3,10,2,8,3,9,,1,13,2,A15M5ZJXWUKZW4,good
2022-04-13 10:02:15,2022-04-13 10:08:55,0,73.6.230.109,100,399,1,2022-04-13 10:08:55,R_3oLRxf9YGKevNPP,,,,,29.7388,-95.8309,anonymous,EN,0.4000000059604645,5,,,,,1,5,1,6,1,6,3,9,2,7,1,4,1,6,1,4,1,4,,1,9,2,A38SJ5Q70S172D,
2022-04-13 10:07:51,2022-04-13 10:09:18,0,208.218.226.24,100,87,1,2022-04-13 10:09:18,R_3320hZ9F9UBFOOs,,,,,40.8023,-73.7329,anonymous,EN,1,,4,5,,,1,6,2,8,2,7,3,9,2,7,1,4,1,6,1,3,1,2,1,2,19,2,A37CV45RPN41FL,
2022-04-13 09:59:13,2022-04-13 10:11:35,0,73.152.109.242,100,742,1,2022-04-13 10:11:36,R_1dnm5aQay6ymt2j,,,,,37.5157,-77.2758,anonymous,EN,1,,,,4,6,1,6,1,6,1,6,3,9,2,7,1,6,1,6,1,6,1,6,0,1,15,2,A2RRNYLV366GHD,Happy to participate
2022-04-13 10:08:05,2022-04-13 10:13:05,0,208.219.17.220,100,299,1,2022-04-13 10:13:05,R_2YyWaLpVWzpY9pJ,,,,,45.5411,-122.5605,anonymous,EN,0.8999999761581421,4,,,,,2,8,3,9,3,10,3,9,3,9,3,9,3,10,3,9,3,10,,1,16,2,A1HKETHB80ANKT,good
2022-04-13 10:10:50,2022-04-13 10:14:16,0,73.6.230.109,100,206,1,2022-04-13 10:14:16,R_2VgwZKNPGEqEozX,,,,,29.7388,-95.8309,anonymous,EN,0.30000001192092896,5,,,,,1,6,1,5,1,6,3,9,1,6,1,6,1,6,1,4,1,4,,1,9,2,A38SJ5Q70S172D,donated is a good habit
2022-04-13 10:16:18,2022-04-13 10:19:07,0,208.218.226.85,100,169,1,2022-04-13 10:19:08,R_1qf9t0b8vRwpc3a,,,,,40.8023,-73.7329,anonymous,EN,0.8999999761581421,,4,10,,,2,8,3,9,3,10,3,9,3,10,3,10,3,9,2,8,3,9,0,1,18,5,A1WB9WAN12ZQ5C,very well
2022-04-13 10:14:15,2022-04-13 10:19:17,0,73.5.55.91,100,301,1,2022-04-13 10:19:17,R_2UbdUma1Gw97yKm,,,,,32.4143,-90.1185,anonymous,EN,1,,,,4,8,1,6,2,8,3,9,3,10,2,8,2,7,3,9,3,9,2,8,0,1,33,2,A1YSSIZMBYRAYE,nothing
2022-04-13 10:21:19,2022-04-13 10:25:19,0,68.82.156.207,100,239,1,2022-04-13 10:25:19,R_3JFu2BAlfgKnEg1,,,,,39.9945,-75.1648,anonymous,EN,1,,,,4,9,2,8,2,7,2,7,3,9,3,9,2,8,2,8,2,7,2,8,0,2,42,2,A29XCST2CAQL9Q,
2022-04-13 10:28:20,2022-04-13 10:31:28,0,73.9.146.59,100,188,1,2022-04-13 10:31:29,R_ey3VBeB3J24WXvz,,,,,41.7191,-88.3304,anonymous,EN,0.8999999761581421,,4,0,,,3,10,3,10,3,10,3,9,2,8,1,2,1,6,2,8,2,7,0,2,37,1,A1198W1SPF1R4,no.
2022-04-13 10:26:09,2022-04-13 10:34:33,0,73.61.183.178,100,504,1,2022-04-13 10:34:34,R_81ckdIXXIgdHvgJ,,,,,42.4684,-70.9465,anonymous,EN,1,,,,4,7,3,10,2,7,3,9,3,9,3,10,3,10,3,9,2,8,3,9,0,1,30,2,AD5UE6RODKJOX,"""I'm really happy with your determination to finish this project."
2022-04-13 10:24:55,2022-04-13 10:36:40,0,73.127.148.92,100,705,1,2022-04-13 10:36:41,R_2AKIVsgjD4Wz5k7,,,,,35.1131,-106.5781,anonymous,EN,0.4000000059604645,,4,9,,,3,9,2,8,3,9,3,9,2,8,3,10,3,9,3,10,3,9,0,1,35,2,A26RC7NT3SE1AU,
2022-04-13 10:33:46,2022-04-13 10:37:37,0,208.218.225.219,100,230,1,2022-04-13 10:37:37,R_BJx9cQRlgIEiO3f,,,,,40.8023,-73.7329,anonymous,EN,1,5,,,,,1,4,1,4,2,7,3,9,2,8,3,10,2,8,1,5,1,1,,2,12,4,,no
2022-04-13 10:37:00,2022-04-13 10:42:40,0,73.252.24.245,100,340,1,2022-04-13 10:42:41,R_3qEzKOgzCeUuU9Q,,,,,34.2515,-88.7208,anonymous,EN,0.8999999761581421,,,,4,4,3,10,2,7,2,8,3,9,2,7,3,10,2,8,3,9,2,7,0,1,33,2,A2RZQLKH2MTVS,Good
2022-04-13 10:41:21,2022-04-13 10:43:05,0,70.112.161.219,100,103,1,2022-04-13 10:43:05,R_2zvglPlJfQV17Jr,,,,,30.3773,-97.71,anonymous,EN,0.4000000059604645,3,,,,,1,6,1,5,2,7,3,9,2,8,1,6,2,7,1,6,1,5,,2,7,2,A2DVK9TLPNJSVH,
2022-04-13 10:47:17,2022-04-13 10:49:32,0,74.122.63.222,100,134,1,2022-04-13 10:49:32,R_2b0MvjUBXjW3rzD,,,,,39.0469,-77.4903,anonymous,EN,1,,4,7,,,2,8,2,7,2,7,3,9,2,7,2,8,3,9,2,7,2,8,1,1,8,2,A15R8M6C5V0JYM,none
2022-04-13 10:49:59,2022-04-13 10:51:48,0,208.219.17.60,100,109,1,2022-04-13 10:51:48,R_1BPzPhshff4fzsH,,,,,45.5411,-122.5605,anonymous,EN,0.800000011920929,,4,7,,,2,8,2,8,3,9,3,9,3,9,3,9,2,8,3,9,3,9,0,1,14,2,A3GKA9LF3DKVD0,none
2022-04-13 10:53:45,2022-04-13 10:56:38,0,208.218.225.232,100,173,1,2022-04-13 10:56:38,R_3rVBm7g837N4yhE,,,,,40.8023,-73.7329,anonymous,EN,1,5,,,,,2,8,1,6,3,9,3,9,2,7,3,9,2,7,3,9,2,7,,2,27,2,A3R12AABQMLU7E,
2022-04-13 10:58:09,2022-04-13 11:02:26,0,207.228.39.202,100,256,1,2022-04-13 11:02:26,R_2Y5JElaqksoYGzX,,,,,35.2631,-81.0942,anonymous,EN,1,,4,7,,,2,8,1,5,2,7,3,9,1,6,2,7,2,8,1,4,2,7,0,2,25,2,A1ZUGV42E5QITE,NICE SURVEY
2022-04-13 10:58:17,2022-04-13 11:03:41,0,65.189.36.128,100,324,1,2022-04-13 11:03:41,R_W2pr4htbqiGsPdf,,,,,39.1811,-84.345,anonymous,EN,0.800000011920929,,,,4,3,1,5,2,8,3,9,3,10,2,8,1,1,1,5,1,1,1,1,0,2,14,2,A2FY1DHOQ8KAYT,No Comments
2022-04-13 11:02:55,2022-04-13 11:05:57,0,207.228.39.202,100,181,1,2022-04-13 11:05:58,R_2yaoxSp7zrF08h1,,,,,35.2631,-81.0942,anonymous,EN,1,6,,,,,2,8,2,7,1,6,3,9,2,8,2,7,3,9,2,8,2,7,,2,25,2,A1ZUGV42E5QITE,NICE
2022-04-13 11:04:04,2022-04-13 11:07:26,0,65.189.36.128,100,202,1,2022-04-13 11:07:27,R_XvWDEYdD4eOd9Zv,,,,,39.1811,-84.345,anonymous,EN,0.800000011920929,,4,8,,,1,6,2,8,3,9,3,9,3,9,2,7,2,7,2,7,1,6,0,2,14,2,A2FY1DHOQ8KAYT,No Comments
2022-04-13 11:12:17,2022-04-13 11:14:03,0,172.223.223.124,100,105,1,2022-04-13 11:14:03,R_2Yyucmq1iXW5fy6,,,,,44.6479,-124.0507,anonymous,EN,0.8999999761581421,6,,,,,3,10,3,10,3,10,3,9,3,10,1,0,1,0,1,0,1,0,,2,36,2,A17FGZ1I5P9RZA,
2022-04-13 11:09:45,2022-04-13 11:18:20,0,121.91.230.43,100,514,1,2022-04-13 11:18:20,R_3Eb3gWg5nhNjMnM,,,,,39.0064,-77.4199,anonymous,EN,0.8999999761581421,6,,,,,3,9,3,10,3,9,3,9,2,8,2,8,3,9,3,9,3,9,,1,9,2,A38TQXEZJ6FNO4,
2022-04-13 11:21:50,2022-04-13 11:25:31,0,65.27.114.56,100,221,1,2022-04-13 11:25:32,R_1rpijUS7My1SOJU,,,,,44.2682,-88.4265,anonymous,EN,0.8999999761581421,,,,4,6,3,9,3,9,2,8,3,9,2,8,2,8,2,8,2,7,2,7,0,2,16,2,A2UH3XSL4A7ZKL,good work
2022-04-13 11:42:06,2022-04-13 11:45:42,0,65.27.114.56,100,215,1,2022-04-13 11:45:42,R_309aoy9OM5Bf5fs,,,,,44.2682,-88.4265,anonymous,EN,0.8999999761581421,,4,5,,,3,10,3,9,3,10,3,9,1,0,1,5,3,9,1,0,1,2,1,2,16,2,A2UH3XSL4A7ZKL,good
2022-04-13 12:21:24,2022-04-13 12:23:04,0,184.105.1.51,100,99,1,2022-04-13 12:23:04,R_1Cyb1VIlg87QbJI,,,,,37.3371,-79.2815,anonymous,EN,1,,,,4,0,2,7,2,8,2,7,3,9,3,10,2,8,1,2,3,9,3,10,0,2,17,2,A2G4LF9B21Z28Y,
